Series Name,Series Code,Country Name,Country Code,2000 [YR2000],2001 [YR2001],2002 [YR2002],2003 [YR2003],2004 [YR2004],2005 [YR2005],2006 [YR2006],2007 [YR2007],2008 [YR2008],2009 [YR2009],2010 [YR2010],2011 [YR2011],2012 [YR2012],2013 [YR2013],2014 [YR2014],2015 [YR2015],2016 [YR2016],2017 [YR2017],2018 [YR2018],2019 [YR2019],2020 [YR2020],2021 [YR2021],2022 [YR2022]
GDP per capita (current US$),NY.GDP.PCAP.CD,Afghanistan,AFG,..,..,182.174036617438,199.643227895834,221.830530720307,254.115274305561,274.015394322653,376.318296441543,382.533803815415,453.387382075258,562.499219444201,608.738855868402,653.417479124439,638.733184780223,626.512930450573,566.881132665072,523.053012101752,526.140801271383,492.090632280226,497.741429257502,512.055098228687,355.777826392648,..
GDP per capita (current US$),NY.GDP.PCAP.CD,Albania,ALB,1126.68334010717,1281.6598256178,1425.12421860142,1846.12012081207,2373.58129170055,2673.78781583529,2972.74362094736,3595.03829536404,4370.53971639449,4114.13403283023,4094.34968570481,4437.14116097061,4247.63134315945,4413.06338346821,4578.63320812155,3952.80357364813,4124.05538986272,4531.03220675893,5287.66080067575,5396.2142432843,5343.0377039956,6377.20309553753,6810.11404104233
GDP per capita (current US$),NY.GDP.PCAP.CD,Algeria,DZA,1780.37606280604,1754.58236097572,1794.811114232,2117.04822899287,2624.79523151946,3131.32818989681,3500.13459382737,3971.80348828223,4946.56401720759,3898.47878787317,4495.92147563024,5473.28182611668,5610.73328198233,5519.77757552373,5516.22944039649,4197.41998491398,3967.20064743809,4134.93608656171,4171.79038755546,4021.9832660524,3354.15316371593,3700.31469728198,4342.63796796522
GDP per capita (current US$),NY.GDP.PCAP.CD,American Samoa,ASM,..,..,8800.72881035461,9043.68236654528,8832.81851941832,8733.01428721137,8673.92719531291,9187.16634446553,10019.502245442,12191.5977314597,10446.8632062572,10495.3047320935,11920.0610903131,12038.8715916596,12313.9973571825,13101.5418159165,13300.8246114811,12372.8847825647,13195.9358995539,13672.576657298,15609.7772196843,16653.7137781725,19673.3901023197
GDP per capita (current US$),NY.GDP.PCAP.CD,Andorra,AND,21620.4651019373,22809.0877599631,24784.9560887634,31954.1617868177,37630.7642639554,39583.9311942065,43084.283724089,50562.8266054777,53721.3885067173,49750.7185512247,48237.8905407208,51428.1896998835,44902.38771225,44747.7611562684,45680.5469412164,38885.5485894753,39931.2362644858,40632.2089824607,42904.8115883352,41328.6123929102,37207.2388711909,42072.3194231234,41992.7727779758
GDP per capita (current US$),NY.GDP.PCAP.CD,Angola,AGO,556.884243549684,527.464118409977,872.657637979076,982.80558968862,1254.69612612243,1900.72381643441,2597.96358469905,3121.34873520681,4081.71749701404,3123.69889816812,3586.66368031755,4608.15516572683,5083.82685110166,5061.34924028416,5011.98441159671,3217.33924430561,1809.70937719455,2439.37444118796,2540.50887797043,2191.34776373555,1450.90511218489,1927.47407832091,3000.44423053173
GDP per capita (current US$),NY.GDP.PCAP.CD,Antigua and Barbuda,ATG,11010.1974601342,10502.9388110146,10549.6661892802,10968.8926839103,11650.8484770858,12808.0101536637,14310.6862347854,16006.1361107498,16457.1040632589,14530.5986896353,13404.5160161036,14774.0321811278,15136.8411091932,14977.0718321065,15451.4952444039,15985.5411386971,16449.0591470407,16803.8702340001,18133.8226008953,18730.0047966374,15224.8585890561,17178.5437160522,19919.7266867883
GDP per capita (current US$),NY.GDP.PCAP.CD,Argentina,ARG,7666.51783423783,7168.97587232911,2579.48876933284,3333.15290388997,4258.16026060875,5086.62776073134,5890.97800169795,7210.59554755899,8977.50685093365,8184.38988923991,10385.9644319555,12848.7391514568,13082.664325572,13080.2547323367,12334.7982453893,13789.060424772,12790.2641396135,14613.0356486571,11795.1627452798,9963.67416171662,8500.83793850534,10650.8604604345,13650.6046294524
GDP per capita (current US$),NY.GDP.PCAP.CD,Armenia,ARM,603.298025247115,676.150011307766,765.31617768154,910.171261745184,1166.63820390025,1608.16340758242,2109.5263835731,3064.27996263859,3908.94906011431,2917.36624185176,3143.0294799683,3462.68177840431,3643.71540108565,3833.15707396348,4017.22991449473,3666.14182210905,3679.95234740376,4041.99507105058,4391.92326991474,4828.50488626598,4505.86774175695,4972.78320361917,7018.05150434798
GDP per capita (current US$),NY.GDP.PCAP.CD,Aruba,ABW,21026.1670909022,20911.1927670907,21375.269123446,22050.589873287,24105.5241207717,24978.2216741187,25832.9255649671,27665.2994801174,29011.6390567532,25740.7702303087,24452.5887394376,26043.1563253011,25611.1757666902,26514.8689800777,26940.2641144313,28419.2645344661,28449.7129463044,29329.0817465959,30918.483584133,31902.8098183195,24008.1278217477,29127.7593841909,33300.8388187011
GDP per capita (current US$),NY.GDP.PCAP.CD,Australia,AUS,21870.4159669594,19695.7297379144,20301.8431713256,23718.1338501868,30836.7306824685,34479.7679298388,36595.7071548423,41051.6120652288,49701.2817843335,42816.5674002829,52147.0241942843,62609.6607161044,68078.0442283168,68198.4193446869,62558.2438786332,56758.8692027821,49918.7939327254,53954.553494614,57273.5204750079,55049.571919719,51868.2475567823,60697.2454358579,65099.8459118981
GDP per capita (current US$),NY.GDP.PCAP.CD,Austria,AUT,24625.6007227434,24558.7636778868,26527.5930910347,32294.0488606559,36889.2335135194,38417.4577857677,40669.3269586152,46915.3374004507,51919.9835754226,48153.3240199631,46903.7615854343,51442.2762464407,48564.9173350875,50731.1272541847,51786.3771747905,44195.8175947748,45307.5878620429,47429.1584564387,51466.5565633634,50067.5857265892,48789.4978498872,53517.8904509612,52084.6811953372
GDP per capita (current US$),NY.GDP.PCAP.CD,Azerbaijan,AZE,655.097249579917,703.670998584686,763.108895463487,883.692580745256,1045.0136328106,1578.36733030667,2472.95725732287,3851.33015175141,5574.46810432575,4950.39949009423,5843.5337683582,7189.81869211976,7495.86527658099,7875.34536661549,7890.84028062087,5500.50364628486,3880.6852276838,4147.1981423222,4739.7943123408,4805.75371765917,4229.91064904503,5408.04535175023,7762.0738285884
GDP per capita (current US$),NY.GDP.PCAP.CD,"Bahamas, The",BHS,24849.6064784902,25234.1441512502,26590.1401788013,26204.8804986853,26393.4139538137,28280.870835298,28829.8493750425,29687.865215033,29013.6302870767,27120.6905452145,27046.6576651879,26644.9265775896,28059.3936570338,26955.7889277843,28203.3556822767,29724.9533355233,29675.5358910641,30708.9870181946,31483.9788408235,32279.0113630465,23998.2680191207,28260.4325506367,31458.300811739
GDP per capita (current US$),NY.GDP.PCAP.CD,Bahrain,BHR,12738.7741181575,12291.8326130535,12819.9959353139,14230.29675298,15777.9636408956,17705.235163895,19057.7989047138,20883.5480311994,23155.821449155,19448.1832553789,21186.8143292279,23741.5574626702,25102.726348527,25790.7303121382,25464.760097715,22795.4488576612,22867.1811196134,24349.9098701325,25415.8466249472,25869.1129129041,23433.1872362574,26850.0033915702,30146.925026365
GDP per capita (current US$),NY.GDP.PCAP.CD,Bangladesh,BGD,413.100185264402,410.048540904043,407.96296761642,440.714404819588,469.116458369252,492.808648889577,503.538332188534,552.338934530705,630.108979202923,698.52094498398,776.859576940281,856.381886818701,876.818010441423,973.773904318684,1108.51495720707,1236.00439239816,1659.96249605674,1815.61026180185,1963.41249219641,2122.07839667492,2233.30590129762,2457.92403936141,2688.30550090738
GDP per capita (current US$),NY.GDP.PCAP.CD,Barbados,BRB,11560.2459031879,11510.0404330443,11658.629036798,11998.1756941147,12828.4389489954,14173.7513776686,15595.6364981048,17219.0212345825,17551.85504429,16309.8860079404,16494.2430408684,16902.4923226589,16704.9243836827,16923.5909197623,16964.7522640211,17023.6943646321,17381.3650865426,17881.5632533033,18271.2522525099,19063.1022913841,16882.5015230162,17507.4679943101,20238.7842420154
GDP per capita (current US$),NY.GDP.PCAP.CD,Belarus,BLR,1276.28038121269,1244.37318523431,1479.38066337175,1819.52653114699,2378.33700470129,3126.07176665248,3848.22350300163,4735.48107556066,6376.17569162063,5352.48809190697,6034.67885177216,6527.6593428786,6953.21591683101,7998.0802045456,8341.29014337961,5967.06856034227,5039.77560949445,5785.53397723676,6360.05310087258,6837.76832136779,6542.8645398436,7489.71894713888,7888.26371063212
GDP per capita (current US$),NY.GDP.PCAP.CD,Belgium,BEL,23098.8865077401,23015.0712632462,25006.191397109,30655.2092679024,35429.4077933344,36809.7013403619,38705.1067959147,44319.165448813,48303.397956286,44760.2912443709,44184.946353964,47410.5669277464,44670.5606845101,46757.9518559598,47764.0715120833,41008.296719472,42012.6227191016,44198.4823908691,47544.9811472757,46641.7214017087,45609.0034936111,51850.3971840229,49926.8254295305
GDP per capita (current US$),NY.GDP.PCAP.CD,Belize,BLZ,4720.16821801746,4708.29493729742,4844.22857447243,4937.08990506267,5123.59621428164,5236.36542558777,5486.83143439175,5717.9296198322,5665.96623188559,5352.09598732755,5399.06209583265,5519.3390084833,5635.52152550234,5865.47090174488,6031.54840210944,6098.60007958976,6099.95710191497,6049.3919477765,6001.02426184093,6134.21523305713,5185.1580697602,6060.96822340845,6984.21695968163
GDP per capita (current US$),NY.GDP.PCAP.CD,Benin,BEN,502.997981069672,508.34744771123,564.379057652491,698.408777315146,784.119075060929,805.904685277445,837.132002451152,944.6431721273,1098.94667867138,1061.71835954714,1009.48949478478,1099.4143107361,1112.56953619685,1214.29556540248,1251.50476511083,1041.65252315983,1049.82030349923,1095.27445905119,1194.43821427144,1170.8859954114,1240.73315536982,1360.91147421492,1302.85103626824
GDP per capita (current US$),NY.GDP.PCAP.CD,Bermuda,BMU,56284.1686478094,58883.9594265967,62583.1002034588,66111.7252270035,70359.3191088798,75882.0338560339,95221.8588720301,104287.387498459,106935.486341979,101407.764031934,101875.28407346,97774.1620717428,98431.8651810241,99471.6388978631,98467.683993982,102005.62564189,106885.878489327,111820.581466347,113050.73688163,116153.166121638,107791.886435134,111774.669092278,118774.790656677
GDP per capita (current US$),NY.GDP.PCAP.CD,Bhutan,BTN,722.826756164774,765.009236570764,841.366313296124,951.739170472716,1050.13310723996,1201.43364840454,1299.63125850551,1714.03108535542,1780.1122318354,1768.745944555,2194.12587604893,2491.27343861368,2470.07215130703,2409.44000583608,2589.89916029556,2695.63692363803,2879.54656392589,3427.17384450869,3389.77730342702,3564.59877168289,3181.33974721703,3560.19770457687,..
GDP per capita (current US$),NY.GDP.PCAP.CD,Bolivia,BOL,977.329417675872,930.875684294239,888.198576030752,892.355341638943,951.951622939377,1018.31372502967,1200.06804203621,1351.03518185564,1687.57849715048,1725.14628617645,1922.05857050664,2304.98246161085,2562.46678423329,2853.79716191598,3022.46288443562,2975.64881143063,3013.50270721666,3280.0082139387,3471.0069506501,3472.38083136442,3068.81255516456,3345.02300226194,3600.12163486427
GDP per capita (current US$),NY.GDP.PCAP.CD,Bosnia and Herzegovina,BIH,1332.21021661547,1382.7674599413,1602.5640389208,2031.40248331495,2451.57730128439,2741.08017482431,3170.17478337184,3936.93174748389,4846.79094117894,4542.31167332328,4506.93235205533,4980.90468838995,4688.34582317708,5025.24175294061,5196.97008415107,4654.60862038896,4917.26376596306,5327.39230422044,6024.49314979655,6094.72482322311,6095.10423658487,7230.19883771887,7568.79847995923
GDP per capita (current US$),NY.GDP.PCAP.CD,Botswana,BWA,3351.6965168531,3115.6789995428,3029.78836233973,4111.73808510941,4818.21310297023,5240.316159068,5142.91383354359,5372.34073174354,5345.84875177376,4938.24990584092,6041.73205119653,7080.77864262565,6392.98734736839,6436.60331866558,6844.03324966349,5869.73757890628,6411.55166556511,6705.34106165815,6947.81784114167,6691.16105313603,5875.07060596716,7238.79609753108,7738.87880407803
GDP per capita (current US$),NY.GDP.PCAP.CD,Brazil,BRA,3726.81166909716,3142.23513974908,2824.71541300038,3056.64979769494,3623.22446166485,4773.26855132261,5866.02341427165,7323.19159375818,8801.75787553359,8569.90254736072,11249.2918904352,13200.5562348789,12327.5131013057,12258.5657091866,12071.4044637296,8783.2154236384,8680.73646873878,9896.71889500528,9121.02099480377,8845.32414932264,6923.6999117682,7696.78483012849,8917.67491057495
GDP per capita (current US$),NY.GDP.PCAP.CD,British Virgin Islands,VGB,..,..,..,..,..,..,..,..,..,..,..,..,..,..,..,..,..,..,..,..,..,..,..
GDP per capita (current US$),NY.GDP.PCAP.CD,Brunei Darussalam,BRN,17971.8922877592,16437.4220369591,16817.2388653005,18521.3661264173,21839.2636191121,25991.2140091511,30767.7538331071,32337.2743722073,37427.5400573102,27497.546869338,34609.7119829323,46139.1075759182,46844.1973390647,43950.0454619989,41035.7771227892,30681.4339698653,26762.0350436621,28186.9867351423,31240.5017887246,30748.3092371228,27179.3528869398,31448.9127482937,37152.4769749763
GDP per capita (current US$),NY.GDP.PCAP.CD,Bulgaria,BGR,1621.26210738992,1770.90704918691,2092.98288625558,2719.49436859287,3389.68743360274,3899.82596332878,4523.1465578805,5888.77685220636,7271.30338858025,6988.27316296465,6863.66706774052,7857.16706984441,7430.7373804242,7687.71368243317,7912.27484371138,7078.86032298969,7570.93165511708,8381.88134621669,9447.65589681469,9874.33632625168,10148.3423954435,12219.3418706779,13974.4492487792
GDP per capita (current US$),NY.GDP.PCAP.CD,Burkina Faso,BFA,249.802075690488,260.443473110803,286.753714867893,363.818351959243,405.451276438268,442.944430628899,457.342074853242,516.750328470839,621.890271798117,603.877545561486,627.270395707064,727.612474511645,733.97287958981,762.303780103138,767.371344051512,632.12668582235,665.786328598963,711.184543433623,779.202768619387,765.229560401644,823.552410880968,888.781078836766,830.03715033429
GDP per capita (current US$),NY.GDP.PCAP.CD,Burundi,BDI,138.004617225366,135.606475784646,124.139301558193,114.36700716216,128.538422519456,151.188541005904,166.276245228761,170.706876502428,194.710634644444,204.544755595219,222.660583208376,236.451347486235,238.205945258781,241.547665709857,257.818557410131,289.359627206129,242.539527292978,244.14542219677,232.060616627711,216.972970900616,216.827417480868,221.157803430781,259.025031363515
GDP per capita (current US$),NY.GDP.PCAP.CD,Cabo Verde,CPV,1176.70725787049,1208.4576085771,1311.21458117954,1693.97855163071,1900.88846473653,1972.78492636901,2220.09817493874,3268.30569555962,3839.86363555731,3592.31587892127,3500.97746776661,3880.06920520905,3583.46172510997,3757.65995326233,3739.27827890219,3169.07890082563,3312.69674458487,3534.34357478817,3860.4548075811,3903.05031683625,3126.39985872259,3398.16537614695,3754.30479371603
GDP per capita (current US$),NY.GDP.PCAP.CD,Cambodia,KHM,301.516598526092,322.899863859665,341.036765772756,364.275301701492,410.086132917873,475.069394255055,539.747365391142,629.92107663841,742.397972321917,734.815118652103,782.695738595564,880.310304428913,950.482544613835,1015.22088134268,1098.07453750531,1170.74281578643,1281.10597105412,1400.89926522987,1533.31598466079,1671.3854000919,1577.91173991645,1625.23502147979,1759.60802346044
GDP per capita (current US$),NY.GDP.PCAP.CD,Cameroon,CMR,700.16323623489,706.984217524458,780.270553202226,976.5193035158,1119.98086164741,1129.35797897075,1177.96860522717,1311.00296446609,1476.00907898906,1445.86024905123,1383.81386476157,1497.92658476665,1433.7239284003,1559.13904919246,1631.7139850845,1399.67533591995,1426.06548113211,1479.86222187116,1594.06011023775,1538.68791249516,1539.13054519245,1654.25703730592,1563.48894034459
GDP per capita (current US$),NY.GDP.PCAP.CD,Canada,CAN,24271.0020563821,23822.0601178964,24255.3385818322,28300.4630963791,32143.6814078562,36382.5079164537,40504.0607253203,44659.8951408034,46710.5055759013,40876.3101540295,47562.0834253057,52223.696112356,52669.0899632316,52635.1749580433,50955.9983232404,43596.1355365546,42315.6037056806,45129.4292980922,46548.6384108296,46374.1527517191,43349.677855557,52358.6216405155,54917.6625226262
GDP per capita (current US$),NY.GDP.PCAP.CD,Cayman Islands,CYM,..,..,..,..,..,..,87184.5121355204,89960.6837293746,89704.2236135613,81398.3226276238,76873.1942775535,75435.6142199311,75466.1365462205,75685.3573693412,76610.6484563953,77295.8452934434,78858.2802552237,81255.1124569481,85231.7742542655,89846.321220347,83897.505443389,88475.600468094,99624.8854439134
GDP per capita (current US$),NY.GDP.PCAP.CD,Central African Republic,CAF,243.877580075298,242.575726772934,253.410670425052,283.675348129871,309.190242787419,317.877677935844,340.414517099341,388.477771679374,446.228770359276,452.922236469512,459.776981833241,515.209503489402,525.867504037729,352.22685487121,394.856932975083,351.879754769554,372.135456093031,414.74032227842,435.93229660798,426.408753120209,435.469247800022,461.137510956047,427.058096191269
GDP per capita (current US$),NY.GDP.PCAP.CD,Chad,TCD,168.117658247775,200.361008052321,225.947310959268,298.249881700489,460.067018320577,664.59765601918,716.66776844238,806.710318791497,936.494137074972,808.161523513674,896.876704620394,988.194160047305,969.616142771586,980.083544373007,1017.78776208855,774.411603124119,691.980077427731,662.897472963315,720.265101427085,701.621201027424,643.772215694009,685.690315037547,716.804381134584
GDP per capita (current US$),NY.GDP.PCAP.CD,Channel Islands,CHI,44318.2210969282,42678.2770294233,45279.6419356799,49428.3097589957,57200.4664639273,58550.6571723349,63665.3153474479,75148.3494360381,..,..,..,..,..,..,..,..,58093.9960625367,57683.8938973128,62316.2199488315,61281.3272247009,57339.5268713567,67960.7269955768,..
GDP per capita (current US$),NY.GDP.PCAP.CD,Chile,CHL,5102.96876066704,4610.59269464898,4477.18785325931,4823.25742097417,6185.30378461096,7560.54367123892,9418.27492364213,10456.8323839064,10797.0473705117,10204.5588537616,12764.5931178671,14637.7561666254,15397.7804598152,15842.15915686,14675.1508730028,13567.3572174332,13788.2400157601,15034.0584252287,15820.0333571155,14632.6903076927,13173.7847941723,16240.6077759729,15355.4797401048
GDP per capita (current US$),NY.GDP.PCAP.CD,China,CHN,959.360431340438,1053.11231446589,1148.51425712598,1288.63749136212,1508.66791563578,1753.41419162417,2099.2194300786,2693.95873162278,3468.32706308591,3832.22745696438,4550.47394361131,5614.3860223103,6300.58217952904,7020.38607424065,7636.0743401587,8016.44559491162,8094.39016730811,8817.04560829162,9905.40638307759,10143.8602205959,10408.7195541075,12617.5051041181,12720.2163182363
GDP per capita (current US$),NY.GDP.PCAP.CD,Colombia,COL,2546.85021359809,2465.00701162874,2421.1621037421,2305.17050697714,2811.45945051653,3448.53832308589,3782.60349568944,4762.08306841743,5534.68944688199,5245.95158387112,6392.75802564032,7392.94359956308,8096.80150977513,8263.64192942212,8167.47284156278,6228.65162186089,5936.2610216683,6449.97098726076,6782.03792033195,6436.50921529527,5304.28912886641,6182.70709867964,6624.16539269075
GDP per capita (current US$),NY.GDP.PCAP.CD,Comoros,COM,654.18043075023,691.041978010695,761.947888181814,959.228987622236,1090.42716869473,1103.19541672121,1155.08567466696,1289.79485002143,1454.65090911658,1409.10667349496,1384.06328381602,1526.83263817748,1483.95155852994,1595.9898185586,1608.68787502172,1322.93677459988,1357.26622888827,1414.58668930422,1531.33781085759,1510.79732262852,1519.58677981634,1577.47084066126,1484.89246472542
GDP per capita (current US$),NY.GDP.PCAP.CD,"Congo, Dem. Rep.",COD,392.626333784131,148.447123509623,168.944805273879,167.981575409282,187.856781029954,211.572629664001,247.54193564633,277.612079551534,317.88921008113,290.155675073525,324.827726109271,376.374981129973,412.776260544995,444.864357559096,472.266235725533,482.064568638238,456.027950583624,451.089088517319,546.212593203883,575.882781366465,524.666686211495,576.974729394136,653.656223069354
GDP per capita (current US$),NY.GDP.PCAP.CD,"Congo, Rep.",COG,1029.96068881894,859.440012475987,910.869710766426,1023.08849619066,1314.41128060735,1810.58894236459,2116.86894319341,2219.91230676263,2848.6531631791,2283.94987239428,2962.76248130765,3415.06237416639,3753.86092808102,3719.6510360643,3623.80745981756,2455.34791009784,2107.5030239722,2227.72013856074,2715.24310477161,2508.9447830009,2011.2694790099,2540.47321153317,2649.22502230642
GDP per capita (current US$),NY.GDP.PCAP.CD,Costa Rica,CRI,3773.03379319679,3941.59864349203,4021.42536130228,4123.5064871039,4376.08042847261,4643.45856992587,5188.361792249,6055.08677887203,6841.9114600079,6737.8607505315,8147.24398493375,9137.4551007756,9971.65165576585,10633.2665504623,10737.6788811529,11529.9551730192,11899.8139833748,12118.1336248174,12383.1499522763,12669.3411549351,12179.2566735195,12604.0488374731,13365.3563992692
GDP per capita (current US$),NY.GDP.PCAP.CD,Cote d'Ivoire,CIV,986.777352839567,974.77998497188,1020.95049150423,1173.06388178349,1267.76482295105,1267.08731129988,1303.56496674267,1451.232530741,1683.33750453768,1638.80468426443,1654.17795876208,1701.7046408106,1649.3016148365,1903.05422934098,2124.01943008462,1941.58189772117,1999.19537159383,2113.34152528591,2295.54033462887,2290.78737894927,2349.06988200418,2613.3788930684,2486.41219394248
GDP per capita (current US$),NY.GDP.PCAP.CD,Croatia,HRV,4952.37775298931,5364.01024143422,6219.47321325884,8192.32263343511,9723.38102385632,10446.3614889222,11505.399839938,13762.4562630334,15898.7998960876,14421.1714758536,13693.5000292691,14655.8743881973,13439.6645555189,13979.1855602956,14001.1603438958,12098.5120254631,12579.9227031481,13592.2545240617,15040.0369182791,15120.9029026824,14269.9088549332,17809.0323901126,18570.4039968345
GDP per capita (current US$),NY.GDP.PCAP.CD,Cuba,CUB,2752.20378269319,2844.24443674985,3007.19307369322,3205.68839767994,3403.29616311163,3791.87300608904,4336.87332999361,4814.85487568512,4992.82449445836,5094.43756186586,5275.53260105122,6106.0067919258,6467.33791422804,6814.24384354868,7117.53573456326,7683.74025365669,8055.92586780018,8543.33006731328,8831.91040872027,9139.38051005519,9499.57250428248,48436.3789682857,56495.8534866201
GDP per capita (current US$),NY.GDP.PCAP.CD,Curacao,CUW,..,..,..,..,..,..,..,..,..,..,..,19426.3264002202,19809.8223170482,19721.292182955,19623.0300713664,19361.8129630226,18944.0962772875,18938.2440965187,19119.1244887029,19220.6865793075,16356.0933254541,17979.9982909306,20501.7522782219
GDP per capita (current US$),NY.GDP.PCAP.CD,Cyprus,CYP,14388.34765625,14821.447265625,16093.21484375,20252.23828125,23792.62109375,24959.259765625,26729.32421875,31244.92578125,35397.36328125,32109.2421875,31023.267578125,32395.75390625,28910.74609375,27727.53515625,27162.322265625,23408.44140625,24605.349609375,26608.6953125,29335.046875,29420,28281.42578125,32745.84375,32048.240234375
GDP per capita (current US$),NY.GDP.PCAP.CD,Czechia,CZE,6029.03819275358,6637.04165713981,8060.86870292424,9818.56849307488,11749.8526643577,13430.6698955613,15261.7975911138,18466.5479299216,22804.5776774507,19861.6974295256,19960.0684872157,21871.2660754128,19870.8012123403,20133.1691431353,19890.9199056648,17829.6983223668,18575.2320271915,20636.199952435,23424.4804601855,23664.8478631108,22992.8793833348,26822.5141862111,27223.0451937676
GDP per capita (current US$),NY.GDP.PCAP.CD,Denmark,DNK,30743.5476816354,30751.654348268,33228.6935448819,40458.7773986609,46511.5983324305,48799.8256011275,52026.9995142723,58487.0549677696,64322.0635020842,58163.2768762815,58041.3984363385,61753.647131977,58507.5080517852,61191.1937042028,62548.9847332908,53254.8563700916,54663.9983719195,57610.0981801135,61591.9288698958,59592.9806886454,60836.5924121638,69268.6517983134,67790.0539923276
GDP per capita (current US$),NY.GDP.PCAP.CD,Djibouti,DJI,742.865697154312,747.779122941073,749.081632535869,771.374231644966,813.897943575246,852.890188282475,907.817943782596,980.031032399576,1131.63572564038,1164.25168346453,1227.82085311429,1322.72625083956,1418.46085811933,2102.19794830208,2239.11453821208,2409.31190224284,2545.73879850905,2655.73321960188,2755.83829341814,2876.04366371536,2921.73870623293,3062.55148207643,3136.11276804873
GDP per capita (current US$),NY.GDP.PCAP.CD,Dominica,DMA,4879.14977277925,4991.76417331157,4881.13879312496,5016.08823691755,5354.79919503019,5304.12609656574,5677.05117470908,6126.84949580624,6661.46504737997,7109.9782527814,7182.40020254419,7288.49794777466,7054.87597689432,7240.67911908479,7502.12090974081,7724.04241057376,8223.04145029796,7408.09130082314,7833.19501250117,8561.58701121461,7003.46989117043,7668.15813216962,8351.19321309293
GDP per capita (current US$),NY.GDP.PCAP.CD,Dominican Republic,DOM,2845.84655316676,2953.24784377211,3085.51781113784,2399.49809124012,2468.43678989514,3903.8152066628,4080.04573853712,4676.07905086376,5053.33028494248,5002.15316981585,5509.56803417837,5859.381524313,6049.47158709846,6171.29512670907,6533.67091082712,6838.93674590634,7191.06970308651,7513.49798180543,7947.15933093481,8173.34469885261,7167.91497432809,8476.74963892506,10111.2457110261
GDP per capita (current US$),NY.GDP.PCAP.CD,Ecuador,ECU,1451.53088517998,1904.81367007224,2184.209243808,2438.34368429156,2703.56567057465,3014.3100093159,3340.84090289849,3579.03224391806,4260.43318396471,4240.70259271564,4640.24634437845,5202.65645902066,5678.45572070003,6050.3546113274,6374.6314856366,6130.58667556768,6079.08873612077,6246.40425217932,6321.34940071717,6233.25816692363,5645.19928965332,5965.13287054416,6391.28248430643
GDP per capita (current US$),NY.GDP.PCAP.CD,"Egypt, Arab Rep.",EGY,1398.85983078672,1327.09651832991,1144.53239841974,1056.93720896595,1016.25388395628,1133.10546057176,1332.33941000282,1586.47292057972,1941.89997269337,2212.21814788932,2509.77203417522,2645.6225349104,3059.13542779204,3088.8908340843,3196.86138078687,3370.38244716015,3331.61246134688,2439.96728439968,2531.20007864537,3017.25833578941,3571.5569065135,3886.7224983901,4295.40749561014
GDP per capita (current US$),NY.GDP.PCAP.CD,El Salvador,SLV,1977.84061443838,2051.15877420114,2106.73946874831,2197.48200095937,2273.95550275819,2434.32353117029,2651.43088765876,2814.58988893523,2964.172140237,2889.68588721937,3017.3073947577,3304.97418347889,3471.05126865498,3555.16209958481,3638.51765819162,3761.51368000275,3870.31298246063,3986.04901435439,4145.86235103186,4280.28840404719,3961.72663347599,4664.31122268385,5127.32166823012
GDP per capita (current US$),NY.GDP.PCAP.CD,Equatorial Guinea,GNQ,1527.05637771592,2031.41938636331,2395.84511947529,3146.51857534028,5337.61438929676,9502.85881614782,11140.1901650513,13776.9033327262,19849.7177669705,14398.770485777,14905.5145764646,18659.4160247571,18756.4250273225,17644.5943045414,16804.9249271976,9788.98380398528,8035.30766558427,8410.39798030589,8719.18686965483,7317.39002392662,6198.94252378655,7406.08497479348,7182.26538205027
GDP per capita (current US$),NY.GDP.PCAP.CD,Eritrea,ERI,295.19692403481,305.602758823285,286.297715428802,327.976020750513,401.374525156058,387.898540350192,420.528739757639,450.409713679088,459.178402670323,602.063223832873,504.972460176652,643.790042311239,..,..,..,..,..,..,..,..,..,..,..
GDP per capita (current US$),NY.GDP.PCAP.CD,Estonia,EST,4070.60902410208,4505.85833233188,5341.62894677002,7203.52303786646,8914.10355674451,10412.6443137966,12639.4000677296,16744.5844516343,18204.9664786762,14711.7352728223,14663.0446126465,17487.8047830922,17403.2053254767,19056.0019226989,20261.0667303886,17402.0376128079,18295.3429322114,20437.765376736,23165.8494786437,23424.4847073518,23595.2436836441,27943.701219882,28247.095992497
GDP per capita (current US$),NY.GDP.PCAP.CD,Ethiopia,ETH,122.961659681414,119.261857260772,110.460874721483,117.860164733528,134.542486332684,160.076791772058,191.75129245508,240.347971955032,320.861089711683,373.893958712145,335.438495270931,348.001348291465,458.550920793057,490.792478420391,557.534148360438,630.312619383054,705.617508543589,755.752644348666,758.29769449458,840.449601255171,918.652594077418,925.00069759158,1027.58591095964
GDP per capita (current US$),NY.GDP.PCAP.CD,Faroe Islands,FRO,23370.7737767844,25089.5926494304,27238.0255328878,31691.880082905,35940.9608625712,36440.3221972404,41762.6898536453,48365.735061209,51431.9730976048,47410.9556269077,48167.6675141519,51786.480991824,50157.0587890212,55560.1330274996,60126.1256426858,52726.6873782078,56833.9165410522,59328.2376643374,62576.8016380509,63203.7447848956,62234.9686802048,69108.2065823035,66979.2773224808
GDP per capita (current US$),NY.GDP.PCAP.CD,Fiji,FJI,2015.85749571271,1964.13020427679,2157.07659613693,2680.27074880376,3124.60738926325,3406.47559239037,3483.59718493626,3793.09738500959,3928.92173857964,3184.68912291481,3469.14964254878,4160.72119311815,4359.79240035309,4586.95521117587,5305.06443160892,5105.18961191892,5368.43349186431,5825.19966514413,6073.39457942347,5927.72420758285,4815.6891481254,4656.05134145,5356.16439621614
GDP per capita (current US$),NY.GDP.PCAP.CD,Finland,FIN,24345.9148217032,24967.7925153182,26997.7529897788,32927.6802919408,37772.1781110398,39054.8504423825,41222.6020004611,48476.3927287052,53772.7942390019,47481.4845364339,46505.3031791811,51148.9316365833,47708.0612784469,49892.2233632732,50327.2402902632,42801.9081167285,43814.0265056965,46412.1364777169,49987.6261584968,48629.8582283032,49169.7193388499,53559.9776765847,50916.2804653208
GDP per capita (current US$),NY.GDP.PCAP.CD,France,FRA,22416.425417915,22449.3396931175,24288.2700193508,29627.92426353,33797.1624418436,34768.1759037525,36470.2128399313,41557.6235648179,45515.9617533473,41737.7635518137,40676.0647913181,43846.4660764798,40870.8523645734,42602.7179652667,43068.5487241739,36652.9223052178,37062.5335723829,38781.0494870836,41557.8548588876,40494.8982936276,39179.7442596057,43671.3084099631,40886.2532680273
GDP per capita (current US$),NY.GDP.PCAP.CD,French Polynesia,PYF,14346.1862627122,14012.2429663032,15302.3518545028,18724.4915199154,20829.0657125084,21047.1929998618,21382.2357125753,23837.8175326459,25437.6685817517,23326.0875573006,21447.8582553167,21747.9888416729,19864.5356998373,20941.5173404574,21223.0754876891,18252.5142032094,18726.6394704764,19743.9590211525,20614.8943681731,20093.2085805567,19185.6977702906,20230.2410482554,18984.8510962405
GDP per capita (current US$),NY.GDP.PCAP.CD,Gabon,GAB,3991.15715141003,3844.56134920847,3976.64679620587,4724.2547983061,5483.14457467164,6570.96326530919,6873.45398271021,8036.91995564327,9732.22653332604,7325.90951318545,8399.59734808121,10273.798444898,9348.51487640056,9250.08111462036,9255.36803467635,7090.45463394942,6722.19822269059,6975.69519191402,7694.90605067973,7523.86228077637,6680.08266467748,8635.7971442819,8820.34733682316
GDP per capita (current US$),NY.GDP.PCAP.CD,"Gambia, The",GMB,544.620961107601,464.639636150988,379.862417876486,310.957068377345,596.629286497506,618.959813461158,615.973928349442,725.092284883529,857.858239870456,772.124933818401,796.631829179134,705.47749534881,686.557557719746,647.385534561172,561.649634566263,611.67121911225,640.676265282984,632.001024153219,683.324632754874,722.875356284026,704.030462837221,772.151450503284,808.278281490135
GDP per capita (current US$),NY.GDP.PCAP.CD,Georgia,GEO,749.908534993961,801.98383707929,853.526171868939,1010.03151630868,1305.04748557208,1642.78359414797,1996.02013272284,2635.36650276116,3324.7537205015,2822.68939668797,3233.21975246843,4021.75522955035,4421.930711904,4623.88471369397,4739.27691304547,4014.11165137641,4062.12697838612,4356.92801624893,4722.0424231414,4696.15058555612,4255.74299321254,5023.27438368985,6674.95695994589
GDP per capita (current US$),NY.GDP.PCAP.CD,Germany,DEU,23694.7604830673,23628.3272122367,25197.2656001848,30310.3575963774,34106.6581224001,34520.2396492496,36353.8803343631,41640.0808695147,45612.7106221441,41650.3678297162,41572.4559481507,46705.8957963353,43855.8544658618,46298.9229177341,48023.8699845462,41103.2564363768,42136.1207907991,44652.5891722719,47939.2782884504,46805.1384334439,46749.4762280016,51426.7503654421,48717.9911402128
GDP per capita (current US$),NY.GDP.PCAP.CD,Ghana,GHA,253.380293175761,263.170141384943,297.046970350611,357.847982643309,405.424901764719,477.601092763442,904.169527809899,1047.19942781651,1178.95587732926,1044.00498892672,1258.96419689048,1501.05917129856,1536.61963499859,2282.40750113579,1942.92186873525,1711.27131722255,1900.39767444476,1998.72266581387,2180.02968425645,2167.92544000869,2176.57621804239,2422.08591285021,2203.55893518303
GDP per capita (current US$),NY.GDP.PCAP.CD,Gibraltar,GIB,..,..,..,..,..,..,..,..,..,..,..,..,..,..,..,..,..,..,..,..,..,..,..
GDP per capita (current US$),NY.GDP.PCAP.CD,Greece,GRC,12072.9293569196,12549.036894906,14177.5721592705,18518.3788387396,21995.477943746,22560.1472939077,24821.9367451879,28863.9732885018,32127.9831943287,29828.7560245271,26716.6488260274,25483.8825644931,21912.9982879517,21787.7877636035,21616.7100094908,18083.8779056547,17923.9668134716,18582.0893411631,19756.990456255,19143.8876174584,17617.2915057014,20310.6824798873,20867.2690861087
GDP per capita (current US$),NY.GDP.PCAP.CD,Greenland,GRL,19004.0038435698,19275.4339659556,20652.8417042443,27459.8753295461,32023.6820516137,32489.7277309899,35458.2542977474,39780.9441368721,44366.7858688175,44918.8413832155,43988.5280290494,47186.8759969388,45936.9562817724,47535.4883792376,50485.2244135291,44536.3549705377,48181.7453541266,50765.7494665372,54545.135857765,53309.2035905065,54693.0766804265,57116.295770722,..
GDP per capita (current US$),NY.GDP.PCAP.CD,Grenada,GRD,4840.68406406257,4821.78499467448,4992.44140704535,5435.15180621121,5470.60331451653,6308.66504213503,6295.28117153806,6790.63408004111,7343.44526962639,6810.44031784436,6760.97488416081,6775.74927822931,6900.76507593244,7205.25476521885,7726.37826175954,8379.62184743156,8849.51353500776,9309.26129609568,9574.3102711372,9887.92074235834,8437.5367823125,9010.5127999358,9689.08269960317
GDP per capita (current US$),NY.GDP.PCAP.CD,Guam,GUM,..,..,20878.059583054,21844.110536463,23590.8880271213,25621.845162075,25735.5396994079,26686.8168217379,28277.432083776,29335.2776765099,30011.2185803948,30087.7155914011,31642.1462570316,32318.8908975541,33483.9414359299,34522.3779304433,35052.8079075238,35663.0250406273,35902.725903793,37752.633077142,34780.8616624614,35904.8635462723,..
GDP per capita (current US$),NY.GDP.PCAP.CD,Guatemala,GTM,1664.30774802438,1550.36174652973,1682.99450068936,1737.87928692973,1859.09929915887,2068.48820631493,2251.07878386326,2490.74782825487,2802.45158245094,2651.83174404335,2852.55759284808,3228.03827784076,3355.03477737406,3522.76742900978,3779.62620518889,3994.62908519019,4173.28134863663,4454.02450948165,4485.75213495073,4647.80754129437,4609.89725752869,5029.47755484093,5473.20856444589
GDP per capita (current US$),NY.GDP.PCAP.CD,Guinea,GIN,359.286670018273,335.014292883194,343.934594296268,392.879844202245,405.696059760439,321.338633269515,452.276159713719,657.993473811195,712.099416076712,670.261253626844,667.281601897555,644.502548659895,707.967678199003,757.692272561928,774.5690395852,756.425589810936,720.473255172646,843.464279230956,944.417268657317,1043.89988618266,1073.65933900139,1189.17599945874,1515.16794777584
GDP per capita (current US$),NY.GDP.PCAP.CD,Guinea-Bissau,GNB,301.495570983905,312.25356654928,324.969900019812,362.906159271225,394.995797951701,425.471888739684,418.902079016511,480.438602159015,583.268305937751,543.56246924992,542.284101222819,683.534475990489,598.572626248258,616.159928714289,605.122546466363,585.957012587988,642.666390086932,718.245737766542,781.644367625001,730.611432270196,710.258132978222,795.118605039186,775.828965745365
GDP per capita (current US$),NY.GDP.PCAP.CD,Guyana,GUY,938.893297983287,937.29799220975,955.030210470206,976.993263294444,1036.01987731035,1085.78488650781,3138.08220913067,3609.90850934176,4011.386903582,4213.81622922287,4589.87249766592,4960.00472639074,5461.39008471262,5576.25021487084,5495.37708403183,5668.42976474423,5905.38019563205,6220.97856820609,6094.90983678918,6477.29672607993,6863.07434593017,9994.64570422569,18199.4748396968
GDP per capita (current US$),NY.GDP.PCAP.CD,Haiti,HTI,814.997919701067,743.911273104184,716.482616031128,575.556830072863,679.280054310522,771.535002677952,824.358051858249,979.599640875777,1089.57635501395,1191.80293519334,1204.86205533079,1306.84531878112,1356.17277659459,1452.31354766386,1454.64917469599,1405.71478574216,1313.18609516709,1389.35862299149,1489.57840624271,1345.4750547884,1283.14122785939,1823.74222445285,1748.25713229469
GDP per capita (current US$),NY.GDP.PCAP.CD,Honduras,HND,1079.6056663087,1118.94089428633,1119.42427348911,1142.81134979491,1201.24750461917,1289.82311409217,1409.57974824961,1559.88604406996,1713.41816440351,1762.34916029174,1874.27170372599,2053.95969493403,2107.34542786596,2064.55053629483,2164.42455009318,2257.22528369354,2295.53627000423,2403.30608839303,2457.6860424186,2519.36618467309,2354.12143387307,2771.72265387572,3040.17304596842
GDP per capita (current US$),NY.GDP.PCAP.CD,"Hong Kong SAR, China",HKG,25756.7728723704,25230.3780910304,24665.8362318216,23977.1734120477,24928.1003722551,26649.637724155,28224.0951563146,30593.9511738646,31515.5292103443,30697.5383861641,32550.136489179,35142.4879344543,36730.796195815,38403.7777145477,40315.3739510191,42432.1619740441,43734.1980702999,46160.429791493,48537.5668888343,48359.0011950597,46109.2299946609,49764.793115622,48983.6217162934
GDP per capita (current US$),NY.GDP.PCAP.CD,Hungary,HUN,4624.28165670295,5276.03318905496,6655.33300865319,8419.43087098103,10301.7033946743,11223.3993032598,11489.5608654088,13940.9092761999,15772.3300839383,13077.305465178,13217.5045951108,14234.471576937,12984.8365730133,13715.0703590361,14294.2584180751,12717.038597002,13104.6995457458,14621.2395956755,16425.2050299693,16786.2136399075,16125.6094085407,18753.0469453539,18390.1849993244
GDP per capita (current US$),NY.GDP.PCAP.CD,Iceland,ISL,32096.3722613695,28897.4439396908,32409.2161491753,39476.6978486684,47334.9306537723,56794.8501588953,57492.9342498703,69495.7267376825,56943.3704468563,41301.273219718,43237.0729488958,47714.5922308485,45995.5478789467,49804.9829978371,54576.7448146565,52951.6815110898,61987.9263620283,72010.1490316258,74452.1890731447,68452.23622306,58848.41812446,68710.2442005473,73466.7786674708
GDP per capita (current US$),NY.GDP.PCAP.CD,India,IND,442.034778911498,449.911124933268,468.844428308942,543.843798895899,624.105094381691,710.509344848758,802.013742049265,1022.73246704551,993.503405266506,1096.63613605519,1350.63447029491,1449.60330101563,1434.01798721629,1438.05700508042,1559.86377870535,1590.17433135955,1714.27953740039,1957.96981329558,1974.3777314935,2050.1638002619,1913.21973278751,2238.12714218765,2410.88802070689
GDP per capita (current US$),NY.GDP.PCAP.CD,Indonesia,IDN,770.865351580294,739.003946535355,888.901389665655,1052.41319921916,1136.75521127965,1249.39769359418,1572.79793972155,1840.32992667702,2144.38954419287,2239.09526529896,3094.44307866403,3613.8008884858,3668.21208337097,3602.88551680629,3476.62485441547,3322.58167895444,3558.81885175737,3839.78507460491,3902.661675559,4151.22755440796,3895.61815200225,4334.2159826606,4787.99930771921
GDP per capita (current US$),NY.GDP.PCAP.CD,"Iran, Islamic Rep.",IRN,1672.02287649013,1902.94763906684,1910.4771336696,2259.51631977961,2751.79304173638,3226.61397063388,3736.1777926143,4838.00355614642,5623.91168093228,5602.5562818391,6458.57395613765,8201.58167797698,8329.00206664876,6280.68186740814,5757.54333251596,4990.93679541655,5497.24323254699,5758.59072766807,3850.75125293224,3276.75326508099,2746.41948317956,4084.20030479458,4669.57137993878
GDP per capita (current US$),NY.GDP.PCAP.CD,Iraq,IRQ,1963.72283862715,1422.83133890376,1254.16204512828,809.845684048259,1314.76255894742,1740.66833006213,2253.54711274949,3099.59196989479,4504.50809414268,3686.4021329943,4430.42624189518,5736.89895897239,6437.50307624074,6612.90225210234,6215.98603314029,4416.94292408042,4305.20270154631,4725.19357334032,5601.46706102705,5621.18169491752,4251.33725272808,4770.83534274738,5937.19546600271
GDP per capita (current US$),NY.GDP.PCAP.CD,Ireland,IRL,26334.5672050501,28282.409882073,32705.4345565698,41203.5295847568,47754.2023194244,50933.0216095589,54329.1618599624,61396.417461176,61353.1065629523,52133.0906162544,48663.6004439251,52219.7057327581,48943.8206459561,51496.9616850661,55752.7649838131,62179.2642662951,62784.0656875694,70150.7370157965,79446.9391085469,80848.3019020489,85973.0884875501,102001.798249145,103983.29133582
GDP per capita (current US$),NY.GDP.PCAP.CD,Isle of Man,IMN,20693.8381675417,21716.9460422835,25230.0755574049,29877.9587606731,35872.72612288,38184.3378346299,42662.6028527822,55072.1779876299,72304.9475048348,66175.2275795601,70625.1685395487,77838.3969263195,79326.3829993587,83204.7471695074,91881.1283610971,84753.4567282435,82041.6210496551,83510.303746436,89425.8913885835,87152.4530176191,79530.6054839665,..,..
GDP per capita (current US$),NY.GDP.PCAP.CD,Israel,ISR,21630.7476087887,20909.430361637,19035.1024144493,19627.1754936631,20557.0786270029,21223.9355901939,22494.6420931621,25633.6432169583,30173.3615938856,28317.0408441487,31266.6053174383,34354.7161182231,33156.2283157638,36941.8423573582,38259.6810956173,36206.5222171621,37690.4739511859,41114.7817082553,42406.8454263606,44452.2325623093,44846.7915954816,52129.5159612108,54930.9388075096
GDP per capita (current US$),NY.GDP.PCAP.CD,Italy,ITA,20137.5912217673,20500.9543995672,22376.2978989329,27526.3224609957,31317.2007943296,32055.0920757503,33529.7266014361,37870.7475070969,40944.9124194678,37226.7571935402,36035.6449950691,38649.6394836789,35051.5212697703,35560.0814062288,35565.7213771496,30242.3861352184,30960.7315088902,32406.7203150134,34622.1696664741,33673.7509627421,31922.9191626183,36449.2583375837,34776.423234274
GDP per capita (current US$),NY.GDP.PCAP.CD,Jamaica,JAM,3447.30389648976,3502.21311800396,3683.89333770788,3557.20059086002,3819.28423090316,4200.38895442653,4435.57144393175,4738.44977777995,5056.25803606977,4452.12079882126,4835.79108651148,5259.93175297891,5365.24217204558,5143.72218263652,4991.56153152664,5077.5509836244,5022.70019182535,5273.14902681979,5594.49357290917,5626.17047314286,4897.26475034653,5183.5810181201,6047.2164567796
GDP per capita (current US$),NY.GDP.PCAP.CD,Japan,JPN,39169.3595701504,34406.1824638092,32820.7936433254,35387.0374203599,38298.9801712303,37812.8950199948,35991.546002862,35779.0245416427,39876.3039685725,41308.9968370512,44968.1562349739,48760.0789494211,49145.2804308193,40898.6478964744,38475.3952461838,34960.6393843385,39375.4731620781,38834.0529341227,39751.1330982711,40415.9567649547,39986.9286287091,39827.1267678179,33823.5707344332
GDP per capita (current US$),NY.GDP.PCAP.CD,Jordan,JOR,1673.35812510644,1738.38383765832,1816.40649289574,1889.4378392036,2062.69597047352,2216.9451815491,2478.29194408734,2643.1684392965,3416.12390126122,3618.89261685515,3914.70123105389,4152.49398098582,4386.4618185538,4477.61832070861,4255.89430213385,4064.25301043642,4003.40474641177,4073.11640314668,4146.40731063215,4159.6537537759,3998.67313829235,4152.75795426388,4311.00004622061
GDP per capita (current US$),NY.GDP.PCAP.CD,Kazakhstan,KAZ,1229.00096132728,1490.92675457119,1658.03114240952,2068.12352309089,2874.28848272999,3771.27895733845,5291.57400354244,6771.41662014884,8458.01947450022,7165.22477794014,9070.48825285747,11633.9985836418,12386.6992652963,13890.6339694612,12807.2630452048,10510.7703240885,7714.84184376024,9247.58067886159,9812.62543137393,9812.59552626324,9121.63640904156,10373.7897924367,11492.031938762
GDP per capita (current US$),NY.GDP.PCAP.CD,Kenya,KEN,411.821352113869,408.36060874809,401.092370099667,441.391411736172,462.61821577443,522.776840246892,699.399738284504,840.191631882336,915.998915654065,1049.12179424341,1093.63962367926,1099.31546497439,1289.78079149822,1376.82920465019,1489.91972057277,1496.65357260021,1562.07661862777,1675.98842173012,1845.7834137515,1970.08007048615,1936.25075454374,2069.66112881918,2099.30193826696
GDP per capita (current US$),NY.GDP.PCAP.CD,Kiribati,KIR,757.133289998586,696.997731453524,781.362651616482,956.830581840066,1063.8785841761,1142.33584961179,1101.45760046186,1300.75934223913,1356.64749097825,1249.30223151775,1438.08141312394,1644.40755349869,1698.91912438014,1628.64259354319,1546.88176752726,1459.14398299206,1506.23100308107,1566.44713639955,1607.22982544435,1410.01464320535,1403.99385262696,1766.14428934624,1701.97066488808
GDP per capita (current US$),NY.GDP.PCAP.CD,"Korea, Dem. People's Rep.",PRK,..,..,..,..,..,..,..,..,..,..,..,..,..,..,..,..,..,..,..,..,..,..,..
GDP per capita (current US$),NY.GDP.PCAP.CD,"Korea, Rep.",KOR,12257.0206622345,11561.2071745115,13165.08362497,14672.8057539465,16496.1316167114,19402.5026259549,21743.4774514254,24086.4104391677,21350.427979823,19143.8516053025,23079.2601257735,25097.595426845,25459.1689000965,27179.5170146052,29252.9312377352,28737.4391706499,29280.4403170048,31600.7358741365,33447.1562836166,31902.4169048194,31721.2989141857,35142.264267481,32422.5744864287
GDP per capita (current US$),NY.GDP.PCAP.CD,Kosovo,XKX,..,..,..,..,..,..,..,..,2965.44991493706,2847.55533886408,3009.52342543243,3540.82278614169,3410.69325464808,3704.5628029766,3902.53084084218,3520.78207462478,3759.47285515454,4009.3538108854,4384.18868045931,4416.02925267842,4310.9340020057,5269.78390114389,5340.26879794836
GDP per capita (current US$),NY.GDP.PCAP.CD,Kuwait,KWT,19493.8880490915,17517.7061456004,18626.774923183,22781.082819458,27601.4000590722,36144.9949458716,42970.6964488258,45729.799339984,55595.4843129592,37906.2051851748,39212.5794137711,49010.3105001299,51271.0677569339,47762.7967032092,43239.8351779171,29315.1985079166,27026.6876602182,29258.2663270479,32012.1875249538,30666.2371314234,24297.7108020951,32324.8409043988,41079.5226998138
GDP per capita (current US$),NY.GDP.PCAP.CD,Kyrgyz Republic,KGZ,279.619569260939,308.409611591149,321.727033227846,380.506432394744,433.234976590867,476.551885951653,543.110702403072,721.769522542147,966.393838565694,871.224226887324,880.038521818228,1123.88314370665,1177.97526115747,1282.43824753314,1279.77078445418,1121.08269597662,1120.66705800127,1242.77022029305,1308.13978544561,1451.51563835807,1256.92922601263,1365.50830399287,1655.07269765044
GDP per capita (current US$),NY.GDP.PCAP.CD,Lao PDR,LAO,318.770922812242,320.419011071869,313.618440530675,355.651483553824,410.251318982826,467.379592708984,581.01024361377,699.041376065848,887.639734941678,936.790321414385,1127.83523605263,1363.72529042766,1566.00974499584,1815.44023786192,1984.5086701174,2125.45905698314,2309.0490761946,2439.4633552251,2553.36186646266,2598.50552320723,2593.35509719847,2535.62343413571,2054.43078086496
GDP per capita (current US$),NY.GDP.PCAP.CD,Latvia,LVA,3361.64086880275,3578.00190041351,4136.93329688951,5145.19523190241,6378.66652057115,7594.90238431362,9723.44690174779,14113.5291277327,16467.1436879405,12331.9285524089,11420.9940032836,13338.9622350852,13847.3379393194,15007.4918561719,15742.3913381908,13786.4567953114,14331.7515885049,15695.1151541059,17865.0310947642,17883.3494113217,18096.2027073394,20930.3982374189,21779.5042572825
GDP per capita (current US$),NY.GDP.PCAP.CD,Lebanon,LBN,3994.86114388889,4021.17726323273,4307.10082699491,4458.1085803754,4625.30424673265,4630.00921353301,4665.96280134547,5162.03295880358,5957.69675411548,7149.7914980484,7695.24541457279,7914.1095681645,8500.1805629403,8255.20921055985,7665.37969186256,7802.75136769776,8172.29947599133,8679.89742212366,9225.84515486901,8925.42186017072,5599.95752260733,4136.14657516013,..
GDP per capita (current US$),NY.GDP.PCAP.CD,Lesotho,LSO,443.949949675926,412.962296184389,388.367476377443,580.937283828998,761.181038791723,850.775315507556,910.618563398363,848.077371929249,885.65930324266,866.475127181991,1104.8115468317,1265.85794508512,1205.85998481002,1141.3609231718,1165.05065002416,1113.83683453612,994.239764062067,1062.4561920176,1162.97885412072,1061.22335618067,917.356381258442,1029.50618912869,969.935760159406
GDP per capita (current US$),NY.GDP.PCAP.CD,Liberia,LBR,301.87646966176,303.858805600124,302.881886846333,242.449937167219,287.274691932321,290.541214909265,323.841225769427,377.951628798097,456.144699881365,452.745228889857,497.020365397034,573.526422156584,644.455576742833,717.635753333907,713.734882389203,699.662946853965,722.131226789418,706.892691974846,700.037039377706,665.878447568436,597.529691893048,675.66318584916,754.532842914744
GDP per capita (current US$),NY.GDP.PCAP.CD,Libya,LBY,7424.35347156722,6465.62220261983,3789.20526972462,4738.8284754506,5823.63794340523,8108.05260794233,10060.361041075,11158.1122737785,13921.8992346112,9560.8038078711,11611.3585954261,7784.13321371462,15765.4197906677,12589.5297148358,9408.75254634115,7867.5157311439,7945.00605015965,10529.1162687455,11838.2987072109,10542.4290201042,7034.65836433258,5908.9513231651,6716.09598462328
GDP per capita (current US$),NY.GDP.PCAP.CD,Liechtenstein,LIE,75210.1331775911,74658.453942256,79797.5468904958,90317.7368065187,100710.606348234,105751.498912828,114652.242430174,130908.389678938,143540.573432591,126261.397282982,141466.827324144,158603.608966707,149461.78557146,173659.411799089,179467.516166777,167809.269874833,165845.995200652,170875.682067431,175286.679024684,167259.160311816,165287.186766512,197504.548936258,..
GDP per capita (current US$),NY.GDP.PCAP.CD,Lithuania,LTU,3293.22997867086,3525.79363185461,4141.59270180102,5499.42898911387,6700.32719189382,7854.76527867855,9230.70798102521,12285.4470537014,14944.996652175,11820.7761591359,11987.508411647,14376.9478643932,14367.709424872,15729.6524666512,16551.018202078,14263.9645773495,15008.3132445526,16885.4073948373,19186.359591641,19615.5491450175,20381.8557827478,23849.6156993566,25064.808914729
GDP per capita (current US$),NY.GDP.PCAP.CD,Luxembourg,LUX,48659.5988753233,48440.1420151355,53005.7339209179,65689.3214536911,76544.9170868473,80988.1376230858,90788.8004876145,107475.320297978,120422.137934157,109419.746953106,110885.991378721,119025.057203467,112584.676270958,120000.140729859,123678.702143275,105462.012584423,106899.293549552,110193.213797228,116786.511654677,112726.439672814,116905.370396853,133711.794435985,125006.021815486
GDP per capita (current US$),NY.GDP.PCAP.CD,"Macao SAR, China",MAC,15684.7795496765,15622.7030493852,16393.7437301859,17828.9539685654,22381.9231911914,24886.5805921909,29637.7670637369,35782.8607152865,39745.7618028691,39754.9761535003,50676.3870819204,64528.3628232928,74111.6011863847,86853.4770469877,90873.6024865671,73220.6355551661,71919.054918813,78896.2747485132,84779.4536941057,82998.6361006441,37474.7345945939,45104.8921800265,34584.8590938779
GDP per capita (current US$),NY.GDP.PCAP.CD,North Macedonia,MKD,1861.89899780644,1823.02267682636,1989.13537265159,2440.47882968871,2795.89739346219,3072.67963241319,3362.97069325398,4079.39040357019,4841.25366017816,4584.71243091987,4577.68954288046,5098.09470097215,4728.31307850676,5241.05360094583,5495.73138040533,4861.55615984223,5149.58676436907,5450.49706853299,6108.73917044261,6070.38805358275,5965.45023195365,6778.56287821774,6591.47131411961
GDP per capita (current US$),NY.GDP.PCAP.CD,Madagascar,MDG,285.466463233818,325.460301083713,310.92971094405,359.534384676518,277.50782658828,311.793126649035,330.522670008512,427.83632916955,522.830621952534,455.407373772766,459.375407996579,516.902539255093,504.173737710132,526.688019635403,517.136183122584,455.63803458407,464.61615837171,503.498058680237,512.543991506858,512.27966560241,462.404228818383,503.352081190858,516.592615982213
GDP per capita (current US$),NY.GDP.PCAP.CD,Malawi,MWI,225.952456739454,217.240473296394,431.696660975605,386.317242013575,407.588990013244,417.102263364075,443.523675665125,478.028076481469,557.519009408402,630.109154083703,688.139191185368,769.052599195882,563.061539677727,501.19717297875,534.126977149089,544.276872741836,454.443266065248,500.165547203323,537.932204050438,584.362867276266,622.184591270706,633.609733179475,645.158692067185
GDP per capita (current US$),NY.GDP.PCAP.CD,Malaysia,MYS,4087.56259349384,3941.12266621369,4177.10494176499,4454.52676383656,4924.33811126582,5536.83748306949,6137.15053996313,7144.00023998183,8343.3033817446,7167.87719423373,8880.14580454109,10209.3719445027,10601.5104558966,10727.6690215542,11045.5801207599,9699.60046342736,9555.66959336559,9979.70447282371,11073.9789704691,11132.1027429418,10164.344431073,11134.6229528189,11993.1876132994
GDP per capita (current US$),NY.GDP.PCAP.CD,Maldives,MDV,2209.98823138762,3028.05083041721,3069.03987217911,3539.80155158827,4060.53441281363,3789.23201352259,5010.16342484565,5746.64425436129,6743.13096281125,6719.33026775987,7158.06142131359,7409.33190310175,7447.41560461439,8222.55803576643,8872.128379429,9480.43151420101,9708.14134750478,10194.7461477043,11034.7235971635,11349.8592642235,7216.81637110947,10076.3175303966,11780.8169102421
GDP per capita (current US$),NY.GDP.PCAP.CD,Mali,MLI,263.498384244829,299.412175316254,326.966659054935,381.948546279227,427.717319974613,473.995046803835,506.911838699572,579.257140881674,676.127001144005,680.649958587557,688.327865858558,810.182556036129,753.392137501905,778.797052798816,818.430341392215,723.504204947663,750.051809102295,795.682801553765,856.356596550603,840.175746366299,822.906136832132,881.510088733585,833.297255093071
GDP per capita (current US$),NY.GDP.PCAP.CD,Malta,MLT,10432.328062168,10402.2333313615,11289.8897447166,13669.4972171661,15197.056610121,15888.1724565995,16723.8842735356,19485.8711529324,22205.3567709304,21083.2770528363,21798.9142935915,23155.103527089,22526.5370208632,24769.5962287121,26753.2733830814,24921.7141769982,25623.9416320597,28813.1853396512,31785.8848300917,31727.0070746362,29597.6361628521,34881.2912726609,34127.5105566356
GDP per capita (current US$),NY.GDP.PCAP.CD,Marshall Islands,MHL,2127.24070522278,2257.25470016356,2417.39210217264,2411.29135852311,2442.07954441076,2533.56460606953,2633.28659976387,2773.41870535549,2712.37364352609,2810.53309200828,3001.31982926464,3238.88731570104,3445.31540332931,3611.69964168874,3672.68093377497,3703.64905889496,4153.11717602268,4507.622862229,4771.35920442167,5186.83384237084,5545.60026741253,6130.4371365469,6225.17922244115
GDP per capita (current US$),NY.GDP.PCAP.CD,Mauritania,MRT,660.303861060692,632.214141751138,629.781901660249,711.382482153206,801.778683129563,974.657585946703,1272.08243396613,1378.21510363371,1610.2369793316,1418.94084292347,1646.13042756814,1919.45227079679,1850.38496774479,1929.77563929612,1715.38883792802,1562.72683648828,1579.20071673512,1634.64215833074,1749.95423645373,1800.87518658218,1836.29241098592,1998.39400265586,2065.15551570106
GDP per capita (current US$),NY.GDP.PCAP.CD,Mauritius,MUS,3929.08178166029,3856.63078754099,4018.94889731864,4793.72247422093,5388.06245268972,5282.90011111013,5695.97525509869,6574.6635764099,8030.05228087539,7318.12640972422,8000.37643182154,9197.04299089459,9291.23627601053,9764.64413060045,10366.3550754936,9507.87133656424,9965.72531085228,10841.6847754844,11643.4605962124,11403.2527870674,9011.04288445023,9068.98018051209,10256.2303053576
GDP per capita (current US$),NY.GDP.PCAP.CD,Mexico,MEX,7581.84564147003,8009.15833972447,8032.99212058539,7473.93237537911,7883.5231908285,8702.11448090478,9545.28672531477,10178.4422371206,10589.9518745518,8495.65308070414,9823.16407600128,10766.6099388208,10842.7330888296,11317.4910611485,11490.0216901556,10098.1731805195,9152.73722334937,9693.33009125499,10130.3206984553,10434.5783651735,8894.89065003643,10359.1498625832,11496.5228716049
GDP per capita (current US$),NY.GDP.PCAP.CD,"Micronesia, Fed. Sts.",FSM,2088.20954444136,2152.5252795941,2165.48682048718,2195.18715620947,2155.78169026723,2256.01135749054,2298.63645841833,2344.40346200197,2420.7490064763,2598.40360440538,2760.0113395546,2885.44124871393,3023.58544607879,2920.70086272777,2928.44878191958,2891.32210264749,3022.65362747328,3320.3549760029,3623.32933678299,3734.99492723045,3639.41269869588,3588.75993317482,3713.95536246102
GDP per capita (current US$),NY.GDP.PCAP.CD,Moldova,MDA,440.538683980372,507.404076252819,570.799866188293,682.319095965299,897.178494749468,1034.39197746993,1183.02481442894,1531.21618590748,2110.55305353857,1898.43975710988,2436.79935102421,2941.36224066021,3044.8084324815,3321.04397795719,3289.16784588695,2749.91303825395,2847.63506882245,3454.95469039113,4156.95750022299,4404.95042249597,4376.24249318339,5274.74484719747,5714.43048840294
GDP per capita (current US$),NY.GDP.PCAP.CD,Monaco,MCO,81763.8276688413,82410.4004966217,90151.5464032213,111309.869748198,125435.894305312,130818.981946144,143289.072903488,184639.750063228,204097.113958028,168957.10787757,161780.745361248,179369.268180394,165497.097810044,185055.517569114,195772.724261668,170338.680381498,174412.494536127,173611.687859934,193968.090133158,199382.838585354,182537.387370109,235132.784182144,240862.18244774
GDP per capita (current US$),NY.GDP.PCAP.CD,Mongolia,MNG,463.853881903101,512.819469988285,559.827709012681,633.946559636492,784.912071951003,986.018040837747,1322.64067515404,1625.31847375123,2134.94983195668,1718.91402182752,2660.28817507398,3793.74365523458,4402.30452266711,4422.30087600131,4211.93943552954,3919.35121343969,3690.75677759847,3708.24822134669,4165.02282101895,4394.94715044543,4041.17414564367,4566.14013029182,5045.50470031666
GDP per capita (current US$),NY.GDP.PCAP.CD,Montenegro,MNE,1627.06511911987,1909.59870186179,2106.6350684523,2789.15906483509,3380.16512135859,3674.6179242797,4425.67887307803,5976.39414454596,7367.75190910882,6727.10776676969,6688.40259641346,7328.78943085498,6586.39970256684,7188.86361611271,7387.87296917548,6517.19267514764,7033.43962398373,7803.35824465203,8850.3749248372,8909.6538759126,7677.37132106817,9465.96153027794,10093.4387007266
GDP per capita (current US$),NY.GDP.PCAP.CD,Morocco,MAR,1492.37707519531,1500.36340332031,1590.4873046875,1936.09020996094,2177.798828125,2237.576171875,2433.21264648438,2751.42358398438,3180.17065429688,3118.1416015625,3067.85180664063,3302.453125,3164.00463867188,3377.6435546875,3430.53442382813,3139.22827148438,3132.9521484375,3288.50268554688,3492.67260742188,3498.58276367188,3258.26904296875,3767.52490234375,3441.99145507813
GDP per capita (current US$),NY.GDP.PCAP.CD,Mozambique,MOZ,333.775138348215,310.095062515845,318.308992526757,343.128747081482,403.020713102699,438.793472737165,458.615152006485,508.044895625424,591.439837606183,546.600732462517,494.584022000439,615.278659781153,681.49212857369,681.065114197441,690.443218144276,603.838513777915,435.760991009624,464.294721264472,510.379996498468,512.21576378384,456.581928995106,504.037787143107,558.298606448221
GDP per capita (current US$),NY.GDP.PCAP.CD,Myanmar,MMR,195.550995666386,140.776163930913,145.817533865002,223.063775892621,223.229846970577,251.170356995896,301.58191391586,416.600432244227,653.866000185961,752.944035899187,1003.03345506033,1204.49647224228,1193.54764896001,1189.96476533347,1281.43871813127,1159.34020074533,1218.21703407842,1263.28526342903,1288.41808699092,1415.37967619462,1479.61368925363,1231.69466580785,1149.21121846296
GDP per capita (current US$),NY.GDP.PCAP.CD,Namibia,NAM,2156.09024524858,1916.2558622279,1773.43155446127,2571.98239738661,3407.85064848415,3692.75260281301,4027.96170615871,4394.51734135638,4222.32618912577,4322.62926597991,5445.42006302741,5873.05938103204,6017.17836541483,5463.03136620996,5544.10406844675,4965.67276506551,4614.89207493896,5453.57062341501,5687.38104280011,5126.17614281673,4252.04172014353,4919.18895548026,5031.11503011478
GDP per capita (current US$),NY.GDP.PCAP.CD,Nauru,NRU,..,..,..,..,..,..,..,..,..,..,4644.35549364565,6328.10267224703,9675.95968504209,8825.97858075408,9063.00223035953,7587.25441038889,8528.63015087044,9361.03739658919,10985.8743965037,10316.5278229326,10124.7006220945,11632.6925020419,11970.9382798352
GDP per capita (current US$),NY.GDP.PCAP.CD,Nepal,NPL,223.711891850609,240.705159164552,238.861254119722,246.48583783973,279.724200317908,309.310420053588,341.028140039374,386.529586362442,466.693379122712,475.63597612014,589.165434913038,791.225576719446,794.092559357612,809.384457749825,827.74470490585,882.307663444541,880.224893639824,1027.96547447264,1161.5343496373,1185.68231817311,1139.18989203941,1229.39420516246,1336.54604729847
GDP per capita (current US$),NY.GDP.PCAP.CD,Netherlands,NLD,26214.498549887,26896.5481111196,29343.2449960602,35750.9746630269,40436.6182310407,41994.7135305232,44900.9381441374,51799.2085521047,57879.9437553916,52722.2130568997,50999.7451168879,54230.3129029852,50070.1416045904,52198.8975607454,52900.537415323,45193.4032187971,46039.1059284098,48675.2223350213,53044.5324352253,52476.2732533327,52162.5701150406,58727.8705471475,57025.01245598
GDP per capita (current US$),NY.GDP.PCAP.CD,New Caledonia,NCL,16039.169165098,15174.2784558844,16885.8943867434,21817.3151192465,25770.5310511611,26861.698544729,29604.0525466296,36864.8575980884,37353.7374256261,35391.0880349722,37494.8952028518,40697.6528593173,37294.0228471229,38503.2540609118,39675.5664792121,32428.5722348241,32286.9104984753,33876.3290941463,36495.1959423457,34934.5794300065,34877.6356349199,37247.4931167883,35745.1850468561
GDP per capita (current US$),NY.GDP.PCAP.CD,New Zealand,NZL,13641.1027183822,13882.8568268586,16874.1874918196,21913.7081719961,25420.234882944,27751.0654708859,26654.5932018985,32479.9817381467,31252.9625640673,28209.3623271229,33676.7741239925,38387.6270784076,39973.3807587223,42976.6495882584,44572.8987536626,38630.7265886928,40058.1961621466,42910.9728362488,43236.8866923404,42796.4305818389,41760.5947840005,49996.4206725811,48418.5916631992
GDP per capita (current US$),NY.GDP.PCAP.CD,Nicaragua,NIC,996.89785199474,1025.10850978461,993.38411432576,999.885953957977,1075.99856237763,1158.88129036183,1223.08314801605,1323.83906546824,1493.90485273615,1438.09661601851,1495.73375442812,1644.80148124531,1746.42125435257,1794.78918809148,1913.52134831663,2025.32143224265,2079.45102735861,2127.28281786358,1981.85836665362,1905.63832831484,1876.60737823677,2064.92924633583,2255.42599496242
GDP per capita (current US$),NY.GDP.PCAP.CD,Niger,NER,192.877725789359,203.52648886842,223.352392861667,263.091231815682,281.325360212044,316.365647620285,331.103767973979,384.718345483996,472.178427355585,458.421890235321,471.61268796898,507.602495302453,525.047284914011,548.157848842165,560.754475169279,481.111301105002,497.036120831726,514.543398015622,568.599659746618,549.81612778082,564.841662317524,590.629494752737,585.404929171026
GDP per capita (current US$),NY.GDP.PCAP.CD,Nigeria,NGA,563.047086217561,583.085838768235,733.537888694616,786.802214827723,992.74539908679,1250.40691277354,1652.15400173092,1876.41303262801,2227.79034922679,1883.88778309689,2280.11128904338,2504.87910104512,2728.02278831129,2976.75683168398,3200.95279935925,2679.5542234874,2144.78034442697,1941.87947889475,2125.83449073877,2334.02364318105,2074.61374667422,2065.77441035114,2162.63373428577
GDP per capita (current US$),NY.GDP.PCAP.CD,Northern Mariana Islands,MNP,..,..,16640.3151810477,16603.4600592311,16829.3972015911,15371.2423035132,14986.3760217984,14877.0816812054,15641.657782516,13933.6791923724,14772.4961635883,13880.4265041889,14247.7893007888,14806.0067892829,16044.4307312558,17665.1007493109,24054.9156122269,30751.6410731534,25862.7544529262,23687.2718520599,17302.9221368504,..,..
GDP per capita (current US$),NY.GDP.PCAP.CD,Norway,NOR,38178.2368777076,38601.897639231,43170.557174499,50250.3298214345,57768.6980958462,67047.1704558264,74434.4996835671,85502.2677087731,97503.5407803783,80347.5700665184,88163.2085931423,101221.813476644,102175.919298374,103553.840134417,97666.6951838749,74809.9658049898,70867.3609970749,76131.8384032764,82792.8427113304,76430.5889473338,68340.0181033702,90655.3910229392,106177.197179078
GDP per capita (current US$),NY.GDP.PCAP.CD,Oman,OMN,8321.39386651557,8191.51283162468,8380.03895178727,8896.90253020963,10030.4444262065,12357.7013911873,14533.7294232494,16151.275839059,22974.2773504319,17937.9795676859,22552.1990071233,24166.0963053624,24722.6388245874,23563.9405992228,23121.2063768559,18777.4330589162,17082.2061998982,17802.5751178049,19887.5743113149,19132.1522739094,16707.6230063214,19509.4664633867,25056.7948608378
GDP per capita (current US$),NY.GDP.PCAP.CD,Pakistan,PAK,644.457156981743,610.143231600736,599.789410758775,673.382966037094,774.785335734991,832.751137517234,909.032403273312,1012.18279419002,1087.51477702611,985.349300762774,1011.59718017727,1161.04432084751,1236.89276298823,1259.66836828623,1303.18536985282,1421.83527830089,1468.82208238833,1567.6406123353,1620.74259148331,1437.1658330724,1322.31478539554,1506.10829305917,1588.8798287911
GDP per capita (current US$),NY.GDP.PCAP.CD,Palau,PLW,7416.48078677887,7913.45067581198,8220.48763286484,7744.6277665996,8297.89521273924,9603.79708537139,9805.92282990978,10270.4585355778,10380.2690817715,9960.84138956762,10029.28802589,10795.5646929825,11835.3839295665,12418.8261724235,13580.0067430883,15761.3633809149,16743.376740009,16011.6611537815,16152.3892325347,15738.4670127261,14349.3168192188,12921.8273205171,..
GDP per capita (current US$),NY.GDP.PCAP.CD,Panama,PAN,4099.00653989315,4084.2585357057,4163.52195937827,4304.10697986678,4629.02931602921,4953.12997978141,5385.56424337546,6205.82157550354,7197.11078610101,7618.43845900774,8124.55830734871,9403.43990821634,10767.2931788172,11932.2862205866,12837.2479584282,13669.5594424097,14382.2323819969,15185.9724813803,16156.0742859681,16472.8317470488,13293.3331951688,15491.2898013383,17357.628633794
GDP per capita (current US$),NY.GDP.PCAP.CD,Papua New Guinea,PNG,639.279199918609,540.673889592354,509.030491857518,580.59816717438,624.03532132549,748.735073405033,1245.47417602948,1379.12699349288,1635.03956584558,1578.96862832112,1879.24055902232,2303.8266113635,2653.09278970276,2578.49864720758,2742.25004998231,2502.07344498028,2332.67588834678,2495.14077312932,2584.32780208122,2593.77555393227,2446.08468660615,2624.60411021362,3115.92292304288
GDP per capita (current US$),NY.GDP.PCAP.CD,Paraguay,PRY,1728.34074341006,1630.1908460827,1361.24928059287,1436.76490433294,1776.93225816866,1960.51476554933,2426.41709770871,3194.26298162817,4360.4291089526,3920.18607071017,4725.72634101583,5776.2818479967,5617.10491786787,6410.81470278733,6629.41699277341,5861.40189546648,5759.04219789251,6136.0583014952,6242.96145417898,5807.83879407975,5353.34806456279,5959.44179393627,6153.05565720044
GDP per capita (current US$),NY.GDP.PCAP.CD,Peru,PER,1941.318259717,1925.97942030475,2003.97108061855,2126.13782387391,2393.66589710452,2702.23770075461,3123.32015935927,3572.36358879114,4184.88598248749,4164.97048299155,5047.2046433225,5826.83230656078,6475.72044267849,6697.18774707052,6614.83081997934,6180.11926810233,6163.86042474328,6676.30879274916,6912.10398761205,6955.88082448096,6063.62692279047,6635.46414809173,7125.82993135746
GDP per capita (current US$),NY.GDP.PCAP.CD,Philippines,PHL,1073.26443619332,991.147982051369,1037.17478776606,1049.38649463156,1122.85552182107,1245.2865836997,1452.22140548112,1741.60351144895,1990.35612886581,1893.28164063577,2201.77682813479,2431.19996066282,2671.77752181561,2847.56794274704,2935.92859830401,2974.29691673713,3038.15203684461,3077.43441889625,3194.67270132209,3413.84904430419,3224.42281121767,3460.53938169242,3498.5098055874
GDP per capita (current US$),NY.GDP.PCAP.CD,Poland,POL,4501.47996121234,4991.24435799511,5207.129304207,5701.63886301914,6681.30975087388,8021.54789037388,9035.53275810927,11254.3140875349,13995.7811598115,11525.9007370991,12504.2501856093,13776.3883624327,13010.7555868425,13558.3411314221,14181.9486817352,12560.051419682,12378.8117641782,13815.4999463758,15504.5089370714,15700.0135796738,15816.8204021382,18050.2794441161,18688.0044867103
GDP per capita (current US$),NY.GDP.PCAP.CD,Portugal,PRT,11526.3720667968,11734.7649743954,12936.6928204482,15797.7821340276,18064.1580932987,18780.12751241,19839.4540499032,22811.0564844365,24949.0413566739,23151.2154130712,22520.6423124045,23217.2954965207,20563.7136012629,21653.1959752225,22103.7009703321,19250.1065376852,19991.9724878805,21490.429863104,23562.5545228191,23330.817288932,22242.406417972,24661.1664874576,24515.2658507319
GDP per capita (current US$),NY.GDP.PCAP.CD,Puerto Rico,PRI,16192.1269719638,18123.1987019918,18731.4593897378,19557.1202492358,20988.9923326534,21959.322696986,22935.9411586313,23664.8823485096,24898.3345857045,25768.7258883384,26435.74878578,27278.8830499205,27944.7338937424,28513.1657351067,28981.4573305866,29763.4883013861,30627.1634017011,31108.7527508912,31615.0667918433,32916.866800639,31427.4291136799,32601.5656391821,35208.6371888414
GDP per capita (current US$),NY.GDP.PCAP.CD,Qatar,QAT,27494.7713320186,25836.2707926738,27151.032498866,31440.2207124561,40792.2764702117,52468.4456475056,59978.86120736,64706.9899026035,79811.5977371757,60733.9817002272,73021.3097525035,92992.9971307452,98041.3622380894,97630.8255152088,93126.1494633822,66984.9102002396,58467.2355711087,59407.6980498883,66264.081168209,62827.3969543275,52315.6600783117,66858.7417226715,87661.4501457275
GDP per capita (current US$),NY.GDP.PCAP.CD,Romania,ROU,1659.92904910528,1825.19299373184,2119.85509684554,2679.40626016154,3494.99056448955,4618.00350802913,5757.53127301178,8360.33775916596,10435.2179803541,8548.04859012993,8397.80917311457,9560.15942530942,8930.72991164974,9497.20647561211,10031.3421526698,8976.9544892648,9404.38125929526,10727.9708633184,12494.4235789649,12957.9991142218,13047.4566563993,14946.624968678,15786.8017421977
GDP per capita (current US$),NY.GDP.PCAP.CD,Russian Federation,RUS,1771.59411621094,2100.3525390625,2377.52954101563,2975.123046875,4102.36474609375,5323.455078125,6920.19970703125,9101.2392578125,11635.2841796875,8562.82421875,10674.990234375,14311.064453125,15420.859375,15974.6220703125,14095.646484375,9313.021484375,8704.89453125,10720.33203125,11287.3544921875,11536.2587890625,10194.44140625,12532.05078125,15270.7060546875
GDP per capita (current US$),NY.GDP.PCAP.CD,Rwanda,RWA,255.111967825778,239.145676416436,234.835125300954,249.574756958438,270.323307927217,325.050066322768,358.13922674387,427.457146851438,529.567594997793,565.018681122182,594.160254467019,650.991484187704,706.202003531135,704.485625539362,724.792350347061,733.887472832132,728.869618913457,756.547641107379,768.943661203909,806.100820273159,773.773260850509,821.171394808138,966.232071361993
GDP per capita (current US$),NY.GDP.PCAP.CD,Samoa,WSM,1406.76568300557,1435.3451812614,1509.8865895728,1778.84223441507,2168.02818637954,2527.76283841797,2639.80566895345,3011.10080866752,3344.05455878019,3250.95309678248,3494.39522455198,3789.62699537622,3902.31199231566,3989.89859047662,3948.72802229336,4048.46711296568,4105.8109051951,4261.64034322214,4189.05219052051,4308.3007294066,4042.72275154324,3857.68974206459,3745.56036746313
GDP per capita (current US$),NY.GDP.PCAP.CD,San Marino,SMR,37473.7869829611,39415.1629432165,41770.1466183714,51198.4252583966,59249.6476815729,60520.7920361111,63692.6167681957,71970.0587250442,77962.1439875871,66200.6729727817,59516.3233988223,55815.2852611454,48433.5702995685,50435.3673298211,50133.6065243359,42281.8112549264,43398.4285257227,44885.517837773,48464.5246477919,47287.3983948633,45321.4892226161,54982.451714817,..
GDP per capita (current US$),NY.GDP.PCAP.CD,Sao Tome and Principe,STP,..,519.295582995766,568.409673438844,663.920663905382,726.597740707697,843.955111272836,861.518202332935,878.135469920286,1080.55656768454,1126.53858479155,1043.28142666295,1217.21206404444,1207.70070239994,1378.23019340903,1484.17010509944,1292.73305546523,1428.25790783907,1547.82270967205,1815.60549545058,1924.40814952173,2155.26586782508,2350.45270097134,2386.6961758184
GDP per capita (current US$),NY.GDP.PCAP.CD,Saudi Arabia,SAU,8795.26059641872,8337.32272366096,8380.95929551377,9321.80387371676,10935.0165899837,13462.7630489265,14848.6020580308,15756.193622653,18944.8573494363,15064.6312806896,17958.9478313331,22441.571143891,24069.2033148131,23945.5123106892,23862.8011860096,20442.3660631613,19930.407543816,20910.4829617971,24175.5833140113,23405.7060995766,20398.0609870951,24315.6185511873,30447.8837074473
GDP per capita (current US$),NY.GDP.PCAP.CD,Senegal,SEN,619.642123524918,654.840727365959,688.187479533694,840.358254037001,941.873792468596,1003.18719302616,1038.57909197327,1210.16749782982,1419.5309032462,1323.9712258938,1286.60496647046,1383.53911649626,1334.72591526235,1391.5321896037,1417.094987474,1238.12639978389,1290.74997126951,1385.1992136057,1484.22707035644,1462.67835252138,1492.47590293523,1633.56011890357,1598.72643336012
GDP per capita (current US$),NY.GDP.PCAP.CD,Serbia,SRB,914.785719885861,1727.2822281985,2283.84668494941,3005.42635224484,3502.80292389567,3720.47915467431,4382.61727851692,5848.47640545105,7101.04014116862,6169.11419477823,5735.42285659849,6809.15980400146,6015.94522756969,6755.07367461629,6600.05621129155,5588.9794435877,5765.20335248009,6292.5465490011,7252.40366767165,7417.20660836868,7733.80346893763,9232.96160604855,9537.68286673128
GDP per capita (current US$),NY.GDP.PCAP.CD,Seychelles,SYC,8063.65500575169,8153.2986369879,8864.16919495467,9070.28460757013,10827.671636033,11802.1118276833,12782.9938926475,12669.3026687222,11265.4376270005,9748.95584191501,10938.1527643413,12113.881722186,12342.5102824514,14729.6266228185,15188.1746751096,14894.4857827096,15409.8046337211,15961.2436308497,16411.9211174277,16851.1197648771,12020.021064317,12963.0589802139,13250.4558332375
GDP per capita (current US$),NY.GDP.PCAP.CD,Sierra Leone,SLE,138.713941615327,221.2950856188,240.507519306305,255.972618578875,258.473168803963,286.28590628988,320.514410808579,358.077315538609,402.553405463525,386.433868490557,400.540743708337,443.451842171273,558.179723315125,706.452681507398,702.338587730146,581.293411814954,515.447839602837,484.456128767591,519.649963861622,506.606913779078,493.432240551423,504.621287621531,475.795727844622
GDP per capita (current US$),NY.GDP.PCAP.CD,Singapore,SGP,23852.8389514753,21699.7414868907,22159.8373710639,23730.3840054566,27608.080013423,29961.3172812732,33768.4528234651,39432.8860198877,40008.5720489092,38926.8054365453,47236.683084953,53891.4570264372,55547.5553077786,56967.4257940383,57564.8023114977,55645.6068614606,56895.6583127851,61164.8973569773,66836.521995236,66070.4868123062,61273.9916594455,77710.0892373091,82807.6290622897
GDP per capita (current US$),NY.GDP.PCAP.CD,Sint Maarten (Dutch part),SXM,..,..,..,..,..,..,..,..,..,..,..,27997.2898302635,28460.3326151186,27942.8805401415,36136.699503894,36519.9925867513,35703.0999494536,33351.7065470628,30791.0610758219,33836.7733501056,29223.0696152475,31711.6119870909,35873.0564894806
GDP per capita (current US$),NY.GDP.PCAP.CD,Slovak Republic,SVK,5426.62428119306,5722.1681828083,6564.69631373665,8731.93736824381,10691.4465495259,11690.1134689407,13170.7849804675,16106.0604446695,18753.5849413816,16597.2084581361,16908.8479564876,18509.7402157541,17498.3539002594,18276.0095516546,18719.9881409371,16390.8821748507,16563.4404971229,17585.197002257,19486.3936845505,19381.8905468746,19552.0911095911,21768.1486708026,21256.8084273666
GDP per capita (current US$),NY.GDP.PCAP.CD,Slovenia,SVN,10201.3035366727,10479.7596309273,11777.1556578814,14849.0372415032,17233.1385611279,18098.9085440003,19672.9655554146,23817.8867320201,27595.5999653992,24792.1279805504,23532.4808545468,25128.0150431304,22641.805122503,23503.2824850255,24247.1733184083,20890.1664304173,21678.3594670629,23514.0254604147,26123.7471277911,26042.4463468032,25558.4290544506,29331.0647010043,28439.3340989687
GDP per capita (current US$),NY.GDP.PCAP.CD,Solomon Islands,SLB,976.428268952486,929.866490264359,768.49485066385,905.582164123425,991.98855103909,1145.86655410897,1250.9538420042,1377.86200603136,1504.52749470466,1526.15990773608,1661.99788468931,1921.35635220457,2087.51788731499,2208.0852835112,2235.7337028278,2134.80541826155,2196.28389055503,2283.57905127379,2450.4828877801,2398.77305007963,2222.46211853173,2232.53695397683,2205.25180509148
GDP per capita (current US$),NY.GDP.PCAP.CD,Somalia,SOM,..,..,..,..,..,..,..,..,..,..,..,..,..,454.077264239123,491.189804120376,507.482915466996,517.09758150565,555.185123613189,537.15929021041,589.465891901577,556.578066029269,576.523678242108,592.103121972088
GDP per capita (current US$),NY.GDP.PCAP.CD,South Africa,ZAF,3241.66139605189,2867.47249671099,2708.42333318343,4095.68370023032,5268.27857621702,5893.18707587233,6139.58161766664,6662.06278541847,6251.87742691265,6444.18684044519,8059.56279824609,8737.04126942435,8173.8691381716,7441.23085399675,6965.1378973693,6204.92990145846,5735.06678717842,6734.47515314548,7067.72416484458,6702.52661666304,5753.06649433369,7073.61275411821,6766.48125429478
GDP per capita (current US$),NY.GDP.PCAP.CD,South Sudan,SSD,..,..,..,..,..,..,..,..,1653.04153713909,1325.2750772158,1503.13388901082,1455.35840718862,1114.92372260191,1659.14078728478,1245.14931107226,1071.77776475545,..,..,..,..,..,..,..
GDP per capita (current US$),NY.GDP.PCAP.CD,Spain,ESP,14749.6874248766,15369.0011599444,17106.686576658,21510.8362454011,24907.0008505856,26429.1509449319,28389.0785799873,32591.3503065871,35510.7222312701,32169.5028548583,30532.4805081656,31677.9003083652,28322.9465923276,29077.1820557563,29513.6511800405,25754.36102944,26537.1594894542,28185.3213671969,30379.7211126422,29581.5185513299,26984.2962770279,30488.8209528797,29674.5442864413
GDP per capita (current US$),NY.GDP.PCAP.CD,Sri Lanka,LKA,869.753488572239,832.427319625871,865.302139114132,978.168645643624,1060.1369431645,1240.51831220036,1423.19062070134,1611.17558723051,2007.02665500962,2053.76645085487,2836.97410911231,3248.0402104632,3351.89247576451,3643.83244664348,3885.62361617465,3990.35311739446,4107.82977539914,4388.20190593728,4360.58473469252,4082.69404871533,3852.38909102194,3996.57199501251,3354.38340757565
GDP per capita (current US$),NY.GDP.PCAP.CD,St. Kitts and Nevis,KNA,9275.98974602226,9973.5534513591,10398.5252825083,10119.7447797779,10882.3529411765,11711.1547074094,13747.8093359819,14660.9632071719,16491.8850906212,16374.256885994,16427.6210053903,17571.984460028,17293.8060527894,18315.914675326,19945.3151701577,20025.652352499,21079.520970707,22148.5124341669,22533.8820531551,23204.9705641255,18553.6571372598,18035.3861402469,20262.2671364514
GDP per capita (current US$),NY.GDP.PCAP.CD,St. Lucia,LCA,5846.97550214791,5558.06937116326,5562.45712272635,6055.96795652424,6494.60034867886,6866.09238723686,7618.90541950613,7975.79254059155,8528.68208470429,8259.32233799025,8672.21566785729,9110.75181022028,9231.57625405725,9542.71357425779,10007.1445097875,10290.3715682224,10574.3865772889,11270.4747103578,11563.8304251364,11773.4274818992,8951.52476578187,10916.2270797887,13030.9284804245
GDP per capita (current US$),NY.GDP.PCAP.CD,St. Martin (French part),MAF,..,..,..,..,..,..,..,..,..,..,..,21344.5873046446,..,..,21920.0237806503,..,..,..,..,19691.6167115689,..,20320.7168789132,..
GDP per capita (current US$),NY.GDP.PCAP.CD,St. Vincent and the Grenadines,VCT,3760.08045686378,4066.07063765132,4299.37286779949,4500.92733395418,4883.31366497216,5176.12814656807,5775.0917474952,6439.00839769966,6641.49587783512,6503.09777184322,6590.98957888616,6566.482713176,6754.37018395671,7117.55476276649,7210.60311284047,7386.74663845115,7684.79283998852,7996.63698412147,8399.70773102107,8680.25110238522,8306.36049307201,8360.0642393726,9125.32477064743
GDP per capita (current US$),NY.GDP.PCAP.CD,Sudan,SDN,378.157501220703,471.372772216797,529.451965332031,607.00634765625,737.122802734375,945.689697265625,1179.89831542969,1500.67309570313,1585.58239746094,1382.62145996094,1706.41491699219,1982.81616210938,1797.40087890625,1834.56103515625,2076.0009765625,2226.40942382813,2614.29443359375,3188.76928710938,769.869140625,748.010925292969,608.33251953125,749.706787109375,1102.146484375
GDP per capita (current US$),NY.GDP.PCAP.CD,Suriname,SUR,1978.44661083547,1711.71446057638,2206.27290975194,2529.25942161,2906.72527754218,3474.12033122968,5031.15846462469,5562.33406798787,6616.8151257419,7176.85765780579,7999.50739437676,8009.25230244723,8922.95618613502,9124.54109297075,9199.17789329145,8907.83725830091,5705.39948731743,6112.88301430134,6730.83696146221,6690.04478601228,4796.53331389928,5026.87949279073,5858.82466074423
GDP per capita (current US$),NY.GDP.PCAP.CD,Eswatini,SWZ,1686.6575322622,1481.16308195353,1362.97056755645,2075.56166692432,2599.15214954166,2964.97248651359,3053.93257078305,3200.51257139291,3022.45617748042,3270.1377612043,4035.53448063299,4360.95996745324,4396.57912043588,4111.12838248065,3928.5227551684,3583.31129031343,3339.99040122187,3824.04678338499,4021.4455564534,3818.54048403065,3372.90461019719,4068.57381550966,3986.88663743798
GDP per capita (current US$),NY.GDP.PCAP.CD,Sweden,SWE,29624.9126748618,27247.857734793,29899.1952495081,37321.7979047059,42821.6731423358,43437.0631164776,46593.6021646111,53700.0053363063,56152.552340314,46946.9602719954,52869.0442891587,60755.7595508465,58037.8213192173,61126.9431963979,60020.3604576572,51545.4836095322,51965.1571531985,53791.5087298403,54589.0603860606,51939.4297445291,52837.9039778149,61417.6808766469,56373.7885792007
GDP per capita (current US$),NY.GDP.PCAP.CD,Switzerland,CHE,38865.021939688,39638.7911061864,42458.7384679187,49335.7456291067,54659.4571488233,56242.8933645639,59011.0324592016,64989.1553256031,74175.1927898555,71568.3123885672,76531.3729407691,90476.7589651577,85836.2076767359,87304.3305813557,88724.9909402638,83806.4476003837,82153.0745447889,82254.3769269767,85217.3691512274,84121.9310304414,85897.7843338323,93446.4344518943,93259.9057183024
GDP per capita (current US$),NY.GDP.PCAP.CD,Syrian Arab Republic,SYR,4941.85259705136,5187.20610747836,5276.0647125394,5433.6422739539,6241.05823212955,7221.64388308259,7914.77149445229,8695.84446115791,10155.9736670317,10288.1490473974,11304.644927596,2971.2824553193,1910.60453942683,993.739882507097,1071.23420385272,857.497867137736,664.341672388301,862.319063332871,1111.87209187084,1124.52055370091,537.090234611441,420.622705161108,..
GDP per capita (current US$),NY.GDP.PCAP.CD,Tajikistan,TJK,137.18190923442,168.638593302984,186.663375966457,233.094086999172,305.266043550168,333.71393843865,401.026829310322,517.434872524171,704.650178811389,666.721290565438,740.276191244616,837.881495181805,959.36021750698,1038.32071676208,1094.43012404185,970.362599665447,801.39383995978,844.36524984854,850.666958175637,889.023371804416,852.330229562269,916.691967061922,1054.18948358818
GDP per capita (current US$),NY.GDP.PCAP.CD,Tanzania,TZA,399.462768554688,394.353240966797,400.214508056641,419.564514160156,447.589752197266,480.180053710938,472.613342285156,539.53955078125,671.244445800781,688.710388183594,730.782348632813,768.933410644531,854.540466308594,954.658813476563,1013.42877197266,929.7998046875,942.889038085938,975.904663085938,1011.60015869141,1050.93176269531,1104.16442871094,1146.03198242188,1192.76647949219
GDP per capita (current US$),NY.GDP.PCAP.CD,Thailand,THA,2004.10705891031,1889.97141079834,2091.17890312133,2350.84549582551,2647.26073263886,2876.24577293139,3343.78595174831,3934.69090919863,4327.79747040393,4154.18744707842,4996.37209760091,5396.64358573682,5748.63272062158,6041.13394794203,5822.37778295314,5708.79409105798,5854.4639077194,6436.78965986703,7124.55881041403,7628.57603307351,7001.78546023389,7060.89770696418,6909.9562847948
GDP per capita (current US$),NY.GDP.PCAP.CD,Timor-Leste,TLS,417.737943440047,534.650577099018,516.089899399652,529.219797544245,465.937764604028,476.902713571364,456.27269838844,532.485417349283,621.741464667963,682.224787431725,810.21648418078,936.708967668665,1020.11029502248,1201.60250698417,1221.72396039938,1322.9290943123,1349.54677672507,1285.5239757568,1241.16448533695,1583.07860279061,1663.5596290755,2741.95081994516,2389.2958750343
GDP per capita (current US$),NY.GDP.PCAP.CD,Togo,TGO,297.899506747022,288.107877992222,323.144135859434,390.303609657291,406.092358852601,399.44747774864,400.321487695293,621.734576119957,735.855421149773,737.953703056997,722.229399952606,803.482396552842,781.554340476871,847.387500434413,877.192472988119,770.143379256632,792.440550873266,813.395006476051,873.554887235302,848.304534594506,886.699511508194,976.666183129642,942.649901579536
GDP per capita (current US$),NY.GDP.PCAP.CD,Tonga,TON,1996.51557758043,1754.84187972624,1760.66703430023,1937.04234475148,2195.98639734304,2478.42704686749,2751.96028250318,2799.36818151897,3221.08051916885,2915.49390389952,3416.11069898939,3852.14446192581,4378.57152827537,4208.18789083239,4125.42545363426,4117.93104694205,3978.43768561484,4367.25660339844,4649.61330094975,4878.97868604087,4605.97084119137,4425.97149198516,..
GDP per capita (current US$),NY.GDP.PCAP.CD,Trinidad and Tobago,TTO,6120.94270389706,6592.77664795341,6692.80435504512,8352.46315761855,9756.50037102982,11673.7815403674,13340.916273498,15627.2868179082,20011.1482740497,13682.76361003,15711.5587055513,17910.319154168,19110.0538950806,19927.4039046998,20473.404028045,18508.770502876,16139.105257595,16258.7489291438,16328.1268925695,15642.4067190576,13705.900228571,16056.3020409273,19629.4653400829
GDP per capita (current US$),NY.GDP.PCAP.CD,Tunisia,TUN,2170.50867078119,2207.65992062952,2292.48370528686,2693.19661439857,3029.84876850628,3106.57663000034,3279.10281991951,3678.06247940242,4200.17264387775,4029.46120631103,4241.01190951928,4361.94912218432,4233.9162540494,4308.33830494463,4398.63869540854,3960.92484913663,3796.1095999439,3569.71883883673,3577.17534204669,3477.83618091653,3497.71902658991,3807.18410896841,3747.41939149283
GDP per capita (current US$),NY.GDP.PCAP.CD,Turkiye,TUR,4278.26311284951,3100.45899923828,3640.76283635427,4704.77266342301,6031.79136735234,7369.43188923286,8003.81449265461,9711.22376120832,10843.5036940489,9012.99945793034,10622.7020439723,11300.7852215681,11713.2849831139,12578.1878632,12165.220135038,11049.9951100942,10970.0458948862,10695.550196231,9568.83618958168,9215.44087472889,8638.73913259299,9743.21313092428,10674.5041731531
GDP per capita (current US$),NY.GDP.PCAP.CD,Turkmenistan,TKM,635.714466332445,762.610797622974,949.576398205626,1256.03186702755,1418.80626559546,1658.67277890821,2074.40738939883,2520.28502555268,3778.6685390822,3901.67028309872,4286.88050515414,5453.15500459414,6441.88661774322,7049.79750519535,7685.50985852327,6208.2966545016,6163.25340597611,6354.53282979422,6721.34954037245,7344.88020350303,7330.36628793054,7885.29989591824,8792.5485039672
GDP per capita (current US$),NY.GDP.PCAP.CD,Turks and Caicos Islands,TCA,..,18323.8737358259,17803.0828235751,18848.7786926722,21233.9323975688,24115.2656803501,28728.5697230181,29446.0826861581,31459.5434322807,24602.9110248067,23103.9426764449,23649.7144340602,22666.4069075154,22451.5687325118,24040.8746605688,25783.2941047676,26995.0321602259,25659.1958638691,26831.9714609396,27795.1485608171,20882.2612702141,23158.6378951102,24917.595805527
GDP per capita (current US$),NY.GDP.PCAP.CD,Tuvalu,TUV,1564.01489260611,1451.48449507474,1752.80181031194,2012.4470450789,2328.49300169085,2311.33775386479,2402.48010604013,2803.24846711646,3103.04077666296,2697.63489338796,3043.16668029498,3663.26705522426,3624.98428896036,3536.90150504438,3556.37972786582,3384.38320147639,3836.07300251003,4181.43658600984,4419.25999771152,4940.05098268449,4674.91140255256,5372.76023865042,5221.53279904243
GDP per capita (current US$),NY.GDP.PCAP.CD,Uganda,UGA,257.829605739453,235.852974853568,241.868930237494,250.690588410025,292.472665588666,330.602854382722,346.768462326785,401.709187643744,473.302833431521,799.929632091229,824.73767112214,837.095884208132,796.711139410077,819.757867338416,897.50972863557,864.180059289672,753.684405508036,766.177604015442,793.128082237434,823.024732902811,846.881199214917,883.465728077878,964.39586947645
GDP per capita (current US$),NY.GDP.PCAP.CD,Ukraine,UKR,658.344604492188,807.801940917969,911.906860351563,1087.7880859375,1416.60375976563,1894.46008300781,2391.32397460938,3197.93432617188,4066.53173828125,2639.37817382813,3078.41479492188,3704.84228515625,4004.78979492188,4187.73974609375,3104.65380859375,2124.66259765625,2187.7275390625,2638.32543945313,3096.5625,3661.45776367188,3751.7373046875,4827.845703125,4533.9755859375
GDP per capita (current US$),NY.GDP.PCAP.CD,United Arab Emirates,ARE,31855.5006047175,29909.0094348435,30221.9669995136,32607.3729348287,37017.736365469,42190.5543794633,45339.5851165809,43918.3801694265,45140.7690772438,31722.5887637992,35392.2609669642,42078.6138125427,44386.7860789846,45729.6076756823,46865.9645983676,41525.1389031283,41054.5395699204,43063.9674770763,46722.2687183733,45376.1708381558,37629.1741687956,44332.3400513163,53707.9800809111
GDP per capita (current US$),NY.GDP.PCAP.CD,United Kingdom,GBR,28280.926786099,27906.5695029641,30077.741432188,34442.6875402308,40366.8886650968,42104.7884375024,44512.4590296865,50397.6854954706,47396.1202078484,38744.131693043,39598.957119545,42109.6418795749,42497.3404974322,43426.2981405143,47439.6165895125,44964.3911437292,40985.2351382417,40572.1214823783,43203.8141057739,42662.5353740311,40217.0090116986,46869.759058411,46125.2557513568
GDP per capita (current US$),NY.GDP.PCAP.CD,United States,USA,36329.9560727102,37133.623113437,37997.7596573051,39490.2749557007,41724.6316287624,44123.4070679055,46302.0008800056,48050.2237771135,48570.0459804586,47194.9433547336,48650.6431283336,50065.9665041742,51784.4185738837,53291.1276891406,55123.8497869046,56762.7294515989,57866.7449341091,59907.754260885,62823.309438197,65120.3946628653,63528.6343027508,70219.472454115,76329.5822652029
GDP per capita (current US$),NY.GDP.PCAP.CD,Uruguay,URY,6932.47813396337,6331.15660187559,4115.15454913195,3638.94359070859,4130.1001146777,5233.45717058668,5942.12674899064,7149.37463386796,9328.06570819932,9780.73961786409,12512.5941268441,14975.5628186737,16087.2520777973,18140.8922133059,18131.5788465661,16950.7531694816,16837.9403803049,18995.3970195554,19026.0498173005,18098.361548609,15650.4993032445,17923.9953327961,20795.0423535553
GDP per capita (current US$),NY.GDP.PCAP.CD,Uzbekistan,UZB,558.226802377,456.706289511583,383.343067990742,396.377979026633,465.119886944025,546.776850185552,654.283837283285,830.407694204322,1082.28602501699,1213.26532816388,1742.34925645077,2051.12951516418,2267.62327535512,2419.71874376446,2628.46005444002,2753.97105782901,2704.67718852896,1916.76462520814,1604.25864156544,1795.20176845657,1759.30747053678,1993.42447787206,2255.15115496772
GDP per capita (current US$),NY.GDP.PCAP.CD,Vanuatu,VUT,1416.19702737102,1309.04758427698,1299.17890191232,1517.29444943875,1718.26302892176,1814.81782563854,1970.8984112702,2261.45929411079,2525.0839035439,2472.46356380837,2732.55156662187,3064.75120066071,2906.34246130818,2877.44452801285,2861.20315425441,2643.8868859095,2757.20330593386,3032.19702965604,3076.8353148388,3076.58988588361,2917.75684908933,3044.57364031957,3231.35129995571
GDP per capita (current US$),NY.GDP.PCAP.CD,"Venezuela, RB",VEN,4795.63474781717,4940.11390287807,3667.20019363107,3243.36880476351,4287.63157898613,5456.32242533255,6769.86841430715,8369.23526829668,11310.7781703527,11641.7991472317,13692.9149666211,10877.1123638816,12937.9275972349,12433.9807853398,15975.7293753361,..,..,..,..,..,..,..,..
GDP per capita (current US$),NY.GDP.PCAP.CD,Viet Nam,VNM,394.583136574358,409.497733926552,434.810292146332,485.45090806895,551.903505134912,693.18984250035,790.592516384921,913.312331601755,1158.10162735417,1225.84500948487,1684.01177184608,1953.55714968747,2190.2324398772,2367.49933068934,2558.77875834959,2595.23484372958,2760.71710111715,2992.07153198845,3267.22506911927,3491.09140990663,3586.34717624763,3756.48890080884,4163.51429874522
GDP per capita (current US$),NY.GDP.PCAP.CD,Virgin Islands (U.S.),VIR,..,..,30062.0225050457,31731.2566241187,35006.3614404514,40828.7460927775,41377.1466009652,44158.5054044325,39152.3750657306,38753.1825393897,39905.1284180994,38997.1373164651,37795.3192590675,34597.9766940328,33045.3643795999,34007.3529411765,35324.9748874586,35365.0693039774,36663.2087550584,38633.5298915336,39411.0452535516,41976.0083120809,..
GDP per capita (current US$),NY.GDP.PCAP.CD,West Bank and Gaza,PSE,1476.17185000238,1335.55319529359,1156.21747345769,1257.69857009689,1422.19088643544,1543.70141392774,1570.10439962728,1664.24571669276,2035.20234121766,2191.78178736868,2557.07562356699,2880.79843707909,3067.43872735614,3315.29753909282,3352.11259506043,3272.15432360708,3527.61382413178,3620.36048715937,3562.33094270256,3656.85827137011,3233.56863835858,3678.63565662194,3789.32796575153
GDP per capita (current US$),NY.GDP.PCAP.CD,"Yemen, Rep.",YEM,519.591639254824,514.692340729636,543.900068398865,583.369653798414,668.854620231411,784.757979164725,867.83596261227,956.230475083835,1153.5364240824,1045.80557967787,1249.06308529856,1284.61763538908,1349.99060988906,1497.74794102378,1557.60140563399,1488.41626714602,1069.81699688479,893.716492936242,701.714868380787,693.816503470151,578.512010185469,543.637537849839,650.272218352095
GDP per capita (current US$),NY.GDP.PCAP.CD,Zambia,ZMB,364.026145370374,401.732315892622,399.099077873756,452.2865820075,556.050051613635,720.446504729389,1065.59641685012,1133.43615831521,1393.51949098012,1150.94174590972,1469.36145002684,1644.45683054452,1729.64747097057,1840.32055335789,1724.57621968232,1307.90964916032,1249.92314348406,1495.75213841021,1475.19988338535,1268.12094056241,956.831728987032,1134.71345424991,1456.90157015445
GDP per capita (current US$),NY.GDP.PCAP.CD,Zimbabwe,ZWE,565.284389703613,569.003208636604,529.186882814375,474.30220105818,477.399491040164,470.783761438779,441.498796884795,425.036841692684,351.839100544391,762.297960300667,937.840339987372,1082.61577325282,1290.19395746702,1408.36781031236,1407.03429109916,1410.32917348908,1421.78779140568,1192.10701198862,2269.17701232332,1421.86859613585,1372.69667436829,1773.92041090285,1676.82148896726
,,,,,,,,,,,,,,,,,,,,,,,,,,
,,,,,,,,,,,,,,,,,,,,,,,,,,
,,,,,,,,,,,,,,,,,,,,,,,,,,
Data from database: World Development Indicators,,,,,,,,,,,,,,,,,,,,,,,,,,
Last Updated: 12/18/2023,,,,,,,,,,,,,,,,,,,,,,,,,,
